"Wavelength (nm)","298805 %T (Unpolarized)","298805 OD (Unpolarized)"
"300.00","1.27754E-04","5.89363"
"300.50","1.98714E-04","5.70177"
"301.00","4.46908E-05","6.34978"
"301.50","1.34341E-04","5.87179"
"302.00","1.17060E-04","5.93159"
"302.50","3.35099E-05","6.47483"
"303.00","-3.82358E-05","37.00000"
"303.50","-1.43022E-05","37.00000"
"304.00","2.69781E-05","6.56899"
"304.50","9.60151E-05","6.01766"
"305.00","-2.60336E-05","37.00000"
"305.50","1.06426E-04","5.97295"
"306.00","8.27686E-05","6.08213"
"306.50","1.46404E-06","7.83445"
"307.00","3.61914E-05","6.44139"
"307.50","3.20409E-05","6.49430"
"308.00","1.26156E-04","5.89909"
"308.50","3.05257E-05","6.51533"
"309.00","1.29664E-04","5.88718"
"309.50","-3.42884E-05","37.00000"
"310.00","9.04455E-05","6.04361"
"310.50","4.59191E-05","6.33801"
"311.00","3.97821E-05","6.40031"
"311.50","8.97260E-05","6.04708"
"312.00","1.92803E-04","5.71489"
"312.50","-4.34548E-05","37.00000"
"313.00","1.32802E-04","5.87680"
"313.50","7.40852E-05","6.13027"
"314.00","1.63226E-04","5.78721"
"314.50","9.31822E-05","6.03067"
"315.00","-8.49481E-05","37.00000"
"315.50","1.04863E-04","5.97938"
"316.00","1.73065E-04","5.76179"
"316.50","-4.84499E-05","37.00000"
"317.00","6.60910E-06","7.17986"
"317.50","2.84448E-04","5.54600"
"318.00","-1.39125E-05","37.00000"
"318.50","6.20764E-05","6.20707"
"319.00","1.33107E-04","5.87580"
"319.50","4.40055E-07","8.35649"
"320.00","5.98603E-05","6.22286"
"320.50","-5.64080E-05","37.00000"
"321.00","1.89879E-04","5.72152"
"321.50","2.83111E-05","6.54804"
"322.00","5.80522E-05","6.23618"
"322.50","-5.82350E-05","37.00000"
"323.00","-1.91988E-04","37.00000"
"323.50","8.50005E-06","7.07058"
"324.00","4.75816E-05","6.32256"
"324.50","4.61469E-05","6.33586"
"325.00","5.92539E-05","6.22728"
"325.50","1.78430E-04","5.74853"
"326.00","9.06879E-05","6.04245"
"326.50","1.72993E-04","5.76197"
"327.00","1.89210E-05","6.72306"
"327.50","4.05638E-05","6.39186"
"328.00","-1.17341E-04","37.00000"
"328.50","4.41885E-05","6.35469"
"329.00","-8.88570E-05","37.00000"
"329.50","6.47152E-05","6.18899"
"330.00","8.97764E-05","6.04684"
"330.50","5.85456E-05","6.23251"
"331.00","-1.85650E-04","37.00000"
"331.50","1.85359E-04","5.73199"
"332.00","6.52253E-05","6.18558"
"332.50","-1.97615E-04","37.00000"
"333.00","4.59330E-06","7.33788"
"333.50","1.20391E-04","5.91941"
"334.00","1.39471E-04","5.85552"
"334.50","-1.42672E-04","37.00000"
"335.00","1.25468E-04","5.90147"
"335.50","-1.49368E-04","37.00000"
"336.00","9.13784E-05","6.03916"
"336.50","1.39058E-04","5.85680"
"337.00","1.24737E-04","5.90400"
"337.50","1.24645E-04","5.90433"
"338.00","2.99782E-04","5.52319"
"338.50","-1.36562E-06","37.00000"
"339.00","-2.29663E-05","37.00000"
"339.50","1.07538E-04","5.96844"
"340.00","9.10646E-05","6.04065"
"340.50","7.35306E-05","6.13353"
"341.00","-6.97723E-06","37.00000"
"341.50","-8.55628E-05","37.00000"
"342.00","-4.18643E-05","37.00000"
"342.50","9.15934E-05","6.03814"
"343.00","-1.13003E-05","37.00000"
"343.50","2.71527E-04","5.56619"
"344.00","1.66594E-04","5.77834"
"344.50","-3.51699E-05","37.00000"
"345.00","-1.17122E-05","37.00000"
"345.50","9.81351E-06","7.00818"
"346.00","1.54498E-04","5.81108"
"346.50","6.01232E-05","6.22096"
"347.00","-1.41594E-05","37.00000"
"347.50","-5.34192E-05","37.00000"
"348.00","7.09750E-05","6.14889"
"348.50","2.65236E-05","6.57637"
"349.00","-2.02334E-05","37.00000"
"349.50","2.79010E-06","7.55438"
"350.00","5.15146E-05","6.28807"
"350.50","3.64162E-05","6.43871"
"351.00","8.47150E-05","6.07204"
"351.50","-4.95123E-05","37.00000"
"352.00","-6.71878E-05","37.00000"
"352.50","6.45122E-05","6.19036"
"353.00","-4.39986E-05","37.00000"
"353.50","-3.18416E-05","37.00000"
"354.00","6.26990E-05","6.20274"
"354.50","-5.11311E-05","37.00000"
"355.00","6.72060E-05","6.17259"
"355.50","5.24551E-05","6.28021"
"356.00","8.11795E-06","7.09055"
"356.50","2.00031E-04","5.69890"
"357.00","-6.38091E-05","37.00000"
"357.50","1.26694E-04","5.89724"
"358.00","1.47335E-04","5.83169"
"358.50","6.22330E-05","6.20598"
"359.00","-2.98490E-05","37.00000"
"359.50","-1.11997E-04","37.00000"
"360.00","-2.94480E-05","37.00000"
"360.50","-1.04017E-05","37.00000"
"361.00","-6.41909E-05","37.00000"
"361.50","-2.70687E-06","37.00000"
"362.00","9.13203E-05","6.03943"
"362.50","1.50239E-04","5.82322"
"363.00","6.38976E-05","6.19452"
"363.50","1.00427E-04","5.99815"
"364.00","6.46150E-05","6.18967"
"364.50","-7.02306E-05","37.00000"
"365.00","3.93453E-05","6.40511"
"365.50","7.97578E-05","6.09823"
"366.00","1.83276E-05","6.73689"
"366.50","7.73222E-06","7.11170"
"367.00","-4.91830E-05","37.00000"
"367.50","-1.17137E-05","37.00000"
"368.00","7.86395E-05","6.10436"
"368.50","1.06547E-04","5.97246"
"369.00","8.86281E-05","6.05243"
"369.50","1.04419E-04","5.98122"
"370.00","-1.90349E-06","37.00000"
"370.50","-6.40672E-05","37.00000"
"371.00","1.89776E-05","6.72176"
"371.50","6.82700E-05","6.16577"
"372.00","-8.17082E-05","37.00000"
"372.50","3.67457E-06","7.43479"
"373.00","-4.33880E-06","37.00000"
"373.50","1.56500E-05","6.80549"
"374.00","4.04308E-05","6.39329"
"374.50","-3.78092E-05","37.00000"
"375.00","9.28111E-05","6.03240"
"375.50","6.44738E-05","6.19062"
"376.00","6.26297E-05","6.20322"
"376.50","7.08792E-05","6.14948"
"377.00","4.61782E-05","6.33556"
"377.50","4.70674E-05","6.32728"
"378.00","-8.81492E-06","37.00000"
"378.50","1.70495E-05","6.76829"
"379.00","3.23207E-05","6.49052"
"379.50","1.17096E-04","5.93146"
"380.00","1.53538E-04","5.81378"
"380.50","1.14864E-04","5.93982"
"381.00","6.80818E-05","6.16697"
"381.50","9.75535E-06","7.01076"
"382.00","1.76986E-05","6.75206"
"382.50","6.13089E-05","6.21248"
"383.00","3.06712E-05","6.51327"
"383.50","9.38840E-05","6.02741"
"384.00","6.48242E-05","6.18826"
"384.50","9.75429E-05","6.01080"
"385.00","1.89636E-05","6.72208"
"385.50","1.03823E-04","5.98371"
"386.00","1.68328E-05","6.77384"
"386.50","6.38650E-05","6.19474"
"387.00","8.23823E-05","6.08417"
"387.50","9.23526E-05","6.03455"
"388.00","-4.16806E-05","37.00000"
"388.50","5.52149E-06","7.25794"
"389.00","7.22539E-05","6.14114"
"389.50","6.29966E-05","6.20068"
"390.00","1.10454E-04","5.95682"
"390.50","9.53680E-05","6.02060"
"391.00","8.97797E-05","6.04682"
"391.50","4.62897E-05","6.33452"
"392.00","1.31613E-04","5.88070"
"392.50","1.37788E-04","5.86079"
"393.00","8.12153E-05","6.09036"
"393.50","5.04773E-05","6.29690"
"394.00","8.09477E-05","6.09180"
"394.50","5.11119E-05","6.29148"
"395.00","5.31990E-05","6.27410"
"395.50","5.75245E-05","6.24015"
"396.00","7.15884E-05","6.14516"
"396.50","5.42036E-05","6.26597"
"397.00","9.10700E-05","6.04062"
"397.50","4.47758E-05","6.34896"
"398.00","8.54732E-05","6.06817"
"398.50","3.34264E-05","6.47591"
"399.00","9.00863E-05","6.04534"
"399.50","6.60670E-05","6.18002"
"400.00","7.32299E-05","6.13531"
"400.50","1.38116E-04","5.85976"
"401.00","5.13417E-05","6.28953"
"401.50","1.35370E-04","5.86848"
"402.00","5.20404E-05","6.28366"
"402.50","1.70371E-05","6.76860"
"403.00","-2.96772E-06","37.00000"
"403.50","1.06475E-05","6.97275"
"404.00","-1.85682E-05","37.00000"
"404.50","1.98330E-05","6.70261"
"405.00","6.93089E-06","7.15921"
"405.50","1.67731E-05","6.77539"
"406.00","5.08817E-05","6.29344"
"406.50","8.22748E-05","6.08473"
"407.00","2.56904E-06","7.59023"
"407.50","2.33473E-05","6.63176"
"408.00","2.29357E-05","6.63949"
"408.50","1.57906E-05","6.80160"
"409.00","1.59500E-05","6.79724"
"409.50","-1.12586E-06","37.00000"
"410.00","2.84579E-05","6.54580"
"410.50","7.21218E-05","6.14193"
"411.00","-1.96357E-06","37.00000"
"411.50","3.31943E-05","6.47894"
"412.00","5.50521E-05","6.25923"
"412.50","3.51471E-05","6.45411"
"413.00","2.54295E-05","6.59466"
"413.50","3.62362E-05","6.44086"
"414.00","2.84962E-05","6.54521"
"414.50","-1.63421E-06","37.00000"
"415.00","8.96080E-06","7.04765"
"415.50","-1.86016E-06","37.00000"
"416.00","1.74519E-05","6.75816"
"416.50","2.76274E-05","6.55866"
"417.00","5.11809E-05","6.29089"
"417.50","3.36722E-05","6.47273"
"418.00","3.02663E-05","6.51904"
"418.50","3.72076E-05","6.42937"
"419.00","-9.43061E-07","37.00000"
"419.50","1.53181E-05","6.81480"
"420.00","8.27427E-06","7.08227"
"420.50","-3.36221E-06","37.00000"
"421.00","-8.67752E-06","37.00000"
"421.50","7.77449E-05","6.10933"
"422.00","9.13155E-05","6.03946"
"422.50","6.14497E-05","6.21148"
"423.00","1.29815E-04","5.88668"
"423.50","1.38995E-04","5.85700"
"424.00","1.01052E-04","5.99546"
"424.50","8.97296E-05","6.04706"
"425.00","7.33826E-05","6.13441"
"425.50","9.90762E-05","6.00403"
"426.00","7.04325E-05","6.15223"
"426.50","4.29685E-05","6.36685"
"427.00","3.23839E-05","6.48967"
"427.50","1.52621E-05","6.81639"
"428.00","-2.34495E-06","37.00000"
"428.50","5.78537E-05","6.23767"
"429.00","5.87053E-05","6.23132"
"429.50","6.23395E-05","6.20524"
"430.00","5.52532E-05","6.25764"
"430.50","1.99911E-05","6.69916"
"431.00","3.67790E-05","6.43440"
"431.50","4.95469E-05","6.30498"
"432.00","7.86043E-05","6.10455"
"432.50","5.89552E-05","6.22948"
"433.00","3.08604E-05","6.51060"
"433.50","5.42724E-05","6.26542"
"434.00","7.61450E-05","6.11836"
"434.50","8.27183E-05","6.08240"
"435.00","4.85737E-05","6.31360"
"435.50","3.00075E-05","6.52277"
"436.00","4.53493E-05","6.34343"
"436.50","-1.18853E-05","37.00000"
"437.00","1.86148E-05","6.73014"
"437.50","2.24001E-05","6.64975"
"438.00","5.91410E-05","6.22811"
"438.50","3.84624E-05","6.41496"
"439.00","4.87181E-05","6.31231"
"439.50","1.29257E-06","7.88855"
"440.00","2.95467E-05","6.52949"
"440.50","1.32792E-05","6.87683"
"441.00","5.00493E-05","6.30060"
"441.50","3.44499E-05","6.46281"
"442.00","5.51545E-05","6.25842"
"442.50","4.06226E-05","6.39123"
"443.00","4.72892E-06","7.32524"
"443.50","7.81887E-06","7.10686"
"444.00","5.73218E-06","7.24168"
"444.50","-1.95568E-05","37.00000"
"445.00","1.75833E-05","6.75490"
"445.50","2.89521E-05","6.53832"
"446.00","3.82911E-05","6.41690"
"446.50","5.24493E-05","6.28026"
"447.00","1.63142E-05","6.78743"
"447.50","-8.34785E-06","37.00000"
"448.00","6.03799E-06","7.21911"
"448.50","7.98994E-06","7.09746"
"449.00","3.18236E-05","6.49725"
"449.50","5.02828E-05","6.29858"
"450.00","4.86952E-06","7.31251"
"450.50","1.29321E-05","6.88833"
"451.00","7.00555E-06","7.15456"
"451.50","4.44886E-06","7.35175"
"452.00","6.11350E-06","7.21371"
"452.50","2.03749E-06","7.69090"
"453.00","8.98616E-06","7.04643"
"453.50","7.23959E-06","7.14029"
"454.00","2.15457E-05","6.66664"
"454.50","4.90458E-05","6.30940"
"455.00","5.76997E-05","6.23883"
"455.50","6.71434E-05","6.17300"
"456.00","4.61799E-05","6.33555"
"456.50","4.40124E-05","6.35642"
"457.00","1.66870E-05","6.77762"
"457.50","3.17615E-05","6.49810"
"458.00","1.58951E-05","6.79874"
"458.50","-1.17656E-06","37.00000"
"459.00","9.51710E-06","7.02150"
"459.50","2.66779E-05","6.57385"
"460.00","6.79841E-05","6.16759"
"460.50","1.02941E-04","5.98741"
"461.00","4.94902E-05","6.30548"
"461.50","2.65730E-05","6.57556"
"462.00","1.04172E-06","7.98225"
"462.50","1.51745E-05","6.81889"
"463.00","5.53036E-05","6.25725"
"463.50","3.71134E-05","6.43047"
"464.00","5.71223E-05","6.24319"
"464.50","5.05512E-05","6.29627"
"465.00","-1.13470E-06","37.00000"
"465.50","1.23248E-05","6.90922"
"466.00","-6.55090E-06","37.00000"
"466.50","1.84972E-06","7.73289"
"467.00","3.66808E-05","6.43556"
"467.50","2.74046E-05","6.56218"
"468.00","5.57068E-06","7.25409"
"468.50","1.78341E-05","6.74875"
"469.00","2.00667E-05","6.69752"
"469.50","1.70834E-05","6.76743"
"470.00","1.41866E-05","6.84812"
"470.50","-1.53330E-06","37.00000"
"471.00","3.51429E-05","6.45416"
"471.50","3.39866E-05","6.46869"
"472.00","2.75083E-05","6.56054"
"472.50","3.41764E-05","6.46627"
"473.00","2.15685E-05","6.66618"
"473.50","2.74881E-05","6.56086"
"474.00","5.06545E-05","6.29538"
"474.50","8.53627E-05","6.06873"
"475.00","1.84193E-04","5.73473"
"475.50","3.10512E-04","5.50792"
"476.00","9.49159E-04","5.02266"
"476.50","3.71561E-03","4.42997"
"477.00","1.50886E-02","3.82135"
"477.50","5.44058E-02","3.26435"
"478.00","2.41886E-01","2.61639"
"478.50","1.47404E+00","1.83149"
"479.00","1.02548E+01","0.98907"
"479.50","3.75328E+01","0.42559"
"480.00","7.27531E+01","0.13815"
"480.50","9.36515E+01","0.02849"
"481.00","9.83353E+01","0.00729"
"481.50","9.84096E+01","0.00696"
"482.00","9.84832E+01","0.00664"
"482.50","9.86842E+01","0.00575"
"483.00","9.86948E+01","0.00571"
"483.50","9.86389E+01","0.00595"
"484.00","9.86309E+01","0.00599"
"484.50","9.85318E+01","0.00642"
"485.00","9.85641E+01","0.00628"
"485.50","9.85753E+01","0.00623"
"486.00","9.87415E+01","0.00550"
"486.50","9.88634E+01","0.00496"
"487.00","9.88650E+01","0.00496"
"487.50","9.88348E+01","0.00509"
"488.00","9.88652E+01","0.00496"
"488.50","9.89249E+01","0.00469"
"489.00","9.89212E+01","0.00471"
"489.50","9.86914E+01","0.00572"
"490.00","9.85440E+01","0.00637"
"490.50","9.84776E+01","0.00666"
"491.00","9.86442E+01","0.00593"
"491.50","9.87707E+01","0.00537"
"492.00","9.88623E+01","0.00497"
"492.50","9.89051E+01","0.00478"
"493.00","9.87356E+01","0.00553"
"493.50","9.87592E+01","0.00542"
"494.00","9.88905E+01","0.00485"
"494.50","9.89128E+01","0.00475"
"495.00","9.88156E+01","0.00517"
"495.50","9.85546E+01","0.00632"
"496.00","9.84525E+01","0.00677"
"496.50","9.84290E+01","0.00688"
"497.00","9.85240E+01","0.00646"
"497.50","9.86451E+01","0.00592"
"498.00","9.86712E+01","0.00581"
"498.50","9.87100E+01","0.00564"
"499.00","9.84889E+01","0.00661"
"499.50","9.84380E+01","0.00684"
"500.00","9.84286E+01","0.00688"
"500.50","9.85315E+01","0.00642"
"501.00","9.86695E+01","0.00582"
"501.50","9.88025E+01","0.00523"
"502.00","9.87018E+01","0.00567"
"502.50","9.85982E+01","0.00613"
"503.00","9.84591E+01","0.00674"
"503.50","9.84912E+01","0.00660"
"504.00","9.85924E+01","0.00616"
"504.50","9.86864E+01","0.00574"
"505.00","9.86123E+01","0.00607"
"505.50","9.86299E+01","0.00599"
"506.00","9.84867E+01","0.00662"
"506.50","9.84763E+01","0.00667"
"507.00","9.84898E+01","0.00661"
"507.50","9.86285E+01","0.00600"
"508.00","9.86610E+01","0.00585"
"508.50","9.86148E+01","0.00606"
"509.00","9.85603E+01","0.00630"
"509.50","9.84041E+01","0.00699"
"510.00","9.82955E+01","0.00747"
"510.50","9.83447E+01","0.00725"
"511.00","9.83764E+01","0.00711"
"511.50","9.85111E+01","0.00651"
"512.00","9.85837E+01","0.00619"
"512.50","9.85233E+01","0.00646"
"513.00","9.84100E+01","0.00696"
"513.50","9.82893E+01","0.00749"
"514.00","9.81657E+01","0.00804"
"514.50","9.82140E+01","0.00783"
"515.00","9.82987E+01","0.00745"
"515.50","9.82831E+01","0.00752"
"516.00","9.83835E+01","0.00708"
"516.50","9.83528E+01","0.00721"
"517.00","9.83914E+01","0.00704"
"517.50","9.82900E+01","0.00749"
"518.00","9.83099E+01","0.00740"
"518.50","9.83202E+01","0.00736"
"519.00","9.83239E+01","0.00734"
"519.50","9.83280E+01","0.00732"
"520.00","9.83068E+01","0.00742"
"520.50","9.82532E+01","0.00765"
"521.00","9.82211E+01","0.00780"
"521.50","9.82060E+01","0.00786"
"522.00","9.82344E+01","0.00774"
"522.50","9.82378E+01","0.00772"
"523.00","9.83060E+01","0.00742"
"523.50","9.83115E+01","0.00740"
"524.00","9.82719E+01","0.00757"
"524.50","9.82538E+01","0.00765"
"525.00","9.82524E+01","0.00766"
"525.50","9.81860E+01","0.00795"
"526.00","9.82047E+01","0.00787"
"526.50","9.81831E+01","0.00796"
"527.00","9.82098E+01","0.00785"
"527.50","9.81586E+01","0.00807"
"528.00","9.81302E+01","0.00820"
"528.50","9.80640E+01","0.00849"
"529.00","9.80288E+01","0.00865"
"529.50","9.79369E+01","0.00905"
"530.00","9.80453E+01","0.00857"
"530.50","9.80068E+01","0.00874"
"531.00","9.79558E+01","0.00897"
"531.50","9.77882E+01","0.00971"
"532.00","9.77283E+01","0.00998"
"532.50","9.76615E+01","0.01028"
"533.00","9.77374E+01","0.00994"
"533.50","9.76909E+01","0.01015"
"534.00","9.75634E+01","0.01071"
"534.50","9.75184E+01","0.01091"
"535.00","9.75199E+01","0.01091"
"535.50","9.74902E+01","0.01104"
"536.00","9.68906E+01","0.01372"
"536.50","9.54109E+01","0.02040"
"537.00","9.39949E+01","0.02690"
"537.50","9.39195E+01","0.02724"
"538.00","9.50346E+01","0.02212"
"538.50","9.40478E+01","0.02665"
"539.00","8.20202E+01","0.08608"
"539.50","5.30041E+01","0.27569"
"540.00","2.08428E+01","0.68104"
"540.50","4.33157E+00","1.36335"
"541.00","7.54967E-01","2.12207"
"541.50","1.41783E-01","2.84838"
"542.00","3.37108E-02","3.47223"
"542.50","9.49377E-03","4.02256"
"543.00","3.02243E-03","4.51964"
"543.50","1.01703E-03","4.99267"
"544.00","4.07529E-04","5.38984"
"544.50","2.12132E-04","5.67339"
"545.00","9.72522E-05","6.01210"
"545.50","4.43192E-05","6.35341"
"546.00","2.34504E-05","6.62985"
"546.50","-3.96220E-07","37.00000"
"547.00","1.72522E-05","6.76316"
"547.50","7.93052E-06","7.10070"
"548.00","2.73513E-05","6.56302"
"548.50","7.98904E-06","7.09751"
"549.00","9.94009E-06","7.00261"
"549.50","2.74102E-05","6.56209"
"550.00","-1.60364E-05","37.00000"
"550.50","-9.75698E-06","37.00000"
"551.00","-9.48231E-07","37.00000"
"551.50","3.70672E-06","7.43101"
"552.00","8.57531E-06","7.06675"
"552.50","1.13022E-06","7.94684"
"553.00","8.65225E-06","7.06287"
"553.50","-2.31160E-06","37.00000"
"554.00","-1.70952E-05","37.00000"
"554.50","-4.57230E-06","37.00000"
"555.00","1.93996E-05","6.71221"
"555.50","-7.37675E-06","37.00000"
"556.00","-1.17156E-07","37.00000"
"556.50","-1.13982E-05","37.00000"
"557.00","-1.18208E-05","37.00000"
"557.50","3.26542E-06","7.48606"
"558.00","7.60104E-06","7.11913"
"558.50","1.70740E-06","7.76766"
"559.00","-5.32498E-06","37.00000"
"559.50","-4.44127E-06","37.00000"
"560.00","-2.70671E-06","37.00000"
"560.50","-4.95682E-07","37.00000"
"561.00","-2.35280E-05","37.00000"
"561.50","7.11524E-06","7.14781"
"562.00","1.01005E-05","6.99566"
"562.50","-2.01735E-06","37.00000"
"563.00","1.20847E-05","6.91776"
"563.50","-5.10483E-06","37.00000"
"564.00","4.28230E-06","7.36832"
"564.50","1.28382E-06","7.89150"
"565.00","1.52276E-05","6.81737"
"565.50","-3.36455E-06","37.00000"
"566.00","1.38483E-05","6.85860"
"566.50","4.48659E-09","10.34808"
"567.00","6.81506E-06","7.16653"
"567.50","-6.10489E-06","37.00000"
"568.00","-4.63788E-06","37.00000"
"568.50","5.46355E-06","7.26253"
"569.00","4.00728E-05","6.39715"
"569.50","2.69141E-06","7.57002"
"570.00","1.90611E-05","6.71985"
"570.50","7.71088E-06","7.11290"
"571.00","2.79435E-05","6.55372"
"571.50","-1.30869E-06","37.00000"
"572.00","2.23702E-06","7.65033"
"572.50","1.86674E-06","7.72892"
"573.00","4.26774E-06","7.36980"
"573.50","2.56051E-07","8.59167"
"574.00","6.47488E-06","7.18877"
"574.50","-1.58997E-06","37.00000"
"575.00","2.14203E-05","6.66917"
"575.50","5.15903E-05","6.28743"
"576.00","4.78008E-05","6.32056"
"576.50","8.32625E-05","6.07955"
"577.00","2.57048E-05","6.58999"
"577.50","4.58289E-05","6.33886"
"578.00","2.91302E-05","6.53566"
"578.50","2.06678E-05","6.68471"
"579.00","2.85007E-05","6.54514"
"579.50","9.48550E-06","7.02294"
"580.00","3.73495E-05","6.42772"
"580.50","-2.29066E-07","37.00000"
"581.00","2.06252E-05","6.68560"
"581.50","-2.91734E-06","37.00000"
"582.00","1.73040E-05","6.76185"
"582.50","2.41022E-05","6.61794"
"583.00","1.41326E-05","6.84978"
"583.50","4.11836E-05","6.38528"
"584.00","3.62078E-05","6.44120"
"584.50","2.15992E-05","6.66556"
"585.00","2.90189E-05","6.53732"
"585.50","5.43274E-05","6.26498"
"586.00","4.89266E-05","6.31045"
"586.50","4.50384E-05","6.34642"
"587.00","7.57688E-05","6.12051"
"587.50","6.43457E-05","6.19148"
"588.00","5.81126E-05","6.23573"
"588.50","8.80536E-05","6.05525"
"589.00","8.37656E-05","6.07693"
"589.50","9.94032E-05","6.00260"
"590.00","1.23552E-04","5.90815"
"590.50","9.99230E-05","6.00033"
"591.00","9.60309E-05","6.01759"
"591.50","1.11969E-04","5.95090"
"592.00","7.82613E-05","6.10645"
"592.50","8.09789E-05","6.09163"
"593.00","7.63183E-05","6.11737"
"593.50","8.60660E-05","6.06517"
"594.00","7.22731E-05","6.14102"
"594.50","6.75057E-05","6.17066"
"595.00","9.12957E-05","6.03955"
"595.50","7.33042E-05","6.13487"
"596.00","7.35373E-05","6.13349"
"596.50","6.11347E-05","6.21371"
"597.00","4.33122E-05","6.36339"
"597.50","5.96877E-05","6.22412"
"598.00","5.07064E-05","6.29494"
"598.50","6.80765E-05","6.16700"
"599.00","4.33525E-05","6.36299"
"599.50","3.75864E-05","6.42497"
"600.00","4.03256E-05","6.39442"
"600.50","4.62099E-05","6.33526"
"601.00","6.06901E-05","6.21688"
"601.50","5.78860E-05","6.23743"
"602.00","4.65497E-05","6.33208"
"602.50","6.43594E-05","6.19139"
"603.00","1.11284E-04","5.95357"
"603.50","1.05338E-04","5.97741"
"604.00","7.87393E-05","6.10381"
"604.50","6.70348E-05","6.17370"
"605.00","5.17232E-05","6.28631"
"605.50","4.77504E-05","6.32102"
"606.00","5.70372E-05","6.24384"
"606.50","2.24899E-05","6.64801"
"607.00","2.46154E-05","6.60879"
"607.50","3.20917E-05","6.49361"
"608.00","2.08589E-05","6.68071"
"608.50","2.20823E-05","6.65596"
"609.00","6.03704E-06","7.21918"
"609.50","6.58321E-06","7.18156"
"610.00","4.34841E-05","6.36167"
"610.50","1.82876E-05","6.73784"
"611.00","2.93659E-05","6.53216"
"611.50","4.01598E-05","6.39621"
"612.00","3.76849E-05","6.42383"
"612.50","4.34449E-05","6.36206"
"613.00","4.49486E-05","6.34728"
"613.50","7.09967E-05","6.14876"
"614.00","8.63199E-05","6.06389"
"614.50","1.03321E-04","5.98581"
"615.00","9.87694E-05","6.00538"
"615.50","7.78064E-05","6.10898"
"616.00","8.37611E-05","6.07696"
"616.50","5.88029E-05","6.23060"
"617.00","6.22582E-05","6.20580"
"617.50","6.10302E-05","6.21446"
"618.00","5.72241E-05","6.24242"
"618.50","6.10151E-05","6.21456"
"619.00","5.87696E-05","6.23085"
"619.50","5.34999E-05","6.27165"
"620.00","4.92113E-05","6.30794"
"620.50","3.95235E-05","6.40314"
"621.00","7.67307E-05","6.11503"
"621.50","3.73192E-05","6.42807"
"622.00","4.75524E-05","6.32283"
"622.50","3.14716E-05","6.50208"
"623.00","4.46581E-05","6.35010"
"623.50","2.35945E-05","6.62719"
"624.00","4.06954E-05","6.39045"
"624.50","4.15376E-05","6.38156"
"625.00","4.63594E-05","6.33386"
"625.50","4.05059E-05","6.39248"
"626.00","3.40262E-05","6.46819"
"626.50","5.14595E-05","6.28853"
"627.00","3.17855E-05","6.49777"
"627.50","5.28190E-05","6.27721"
"628.00","4.40472E-05","6.35608"
"628.50","7.82608E-05","6.10646"
"629.00","7.99488E-05","6.09719"
"629.50","8.83733E-05","6.05368"
"630.00","7.67840E-05","6.11473"
"630.50","8.87871E-05","6.05165"
"631.00","9.92671E-05","6.00319"
"631.50","8.47027E-05","6.07210"
"632.00","8.46853E-05","6.07219"
"632.50","1.15758E-04","5.93645"
"633.00","9.60171E-05","6.01765"
"633.50","8.22910E-05","6.08465"
"634.00","7.83833E-05","6.10578"
"634.50","7.19629E-05","6.14289"
"635.00","7.65663E-05","6.11596"
"635.50","6.08082E-05","6.21604"
"636.00","8.57558E-05","6.06674"
"636.50","6.94026E-05","6.15862"
"637.00","6.39390E-05","6.19423"
"637.50","4.24986E-05","6.37163"
"638.00","5.18939E-05","6.28488"
"638.50","5.51955E-05","6.25810"
"639.00","6.46938E-05","6.18914"
"639.50","7.38266E-05","6.13179"
"640.00","6.28337E-05","6.20181"
"640.50","5.68663E-05","6.24515"
"641.00","6.69733E-05","6.17410"
"641.50","7.64367E-05","6.11670"
"642.00","7.97085E-05","6.09850"
"642.50","8.37290E-05","6.07712"
"643.00","7.15783E-05","6.14522"
"643.50","1.09486E-04","5.96064"
"644.00","8.41977E-05","6.07470"
"644.50","8.18187E-05","6.08715"
"645.00","7.70374E-05","6.11330"
"645.50","8.67106E-05","6.06193"
"646.00","9.85619E-05","6.00629"
"646.50","7.97820E-05","6.09810"
"647.00","9.84356E-05","6.00685"
"647.50","9.66368E-05","6.01486"
"648.00","9.63568E-05","6.01612"
"648.50","9.04090E-05","6.04379"
"649.00","1.00748E-04","5.99676"
"649.50","8.79562E-05","6.05573"
"650.00","8.59948E-05","6.06553"
"650.50","9.19602E-05","6.03640"
"651.00","8.73413E-05","6.05878"
"651.50","8.25107E-05","6.08349"
"652.00","6.69465E-05","6.17427"
"652.50","7.21864E-05","6.14154"
"653.00","7.49353E-05","6.12531"
"653.50","7.34671E-05","6.13391"
"654.00","8.61033E-05","6.06498"
"654.50","5.49300E-05","6.26019"
"655.00","6.01593E-05","6.22070"
"655.50","4.41389E-05","6.35518"
"656.00","4.56930E-05","6.34015"
"656.50","5.12438E-05","6.29036"
"657.00","4.23397E-05","6.37325"
"657.50","4.14532E-05","6.38244"
"658.00","3.99810E-05","6.39815"
"658.50","4.70623E-05","6.32733"
"659.00","2.08674E-05","6.68053"
"659.50","3.61314E-05","6.44212"
"660.00","1.24141E-05","6.90608"
"660.50","2.57878E-06","7.58859"
"661.00","1.27672E-05","6.89390"
"661.50","2.31848E-05","6.63480"
"662.00","2.13714E-05","6.67017"
"662.50","5.35553E-07","8.27120"
"663.00","1.53348E-05","6.81432"
"663.50","8.32509E-06","7.07961"
"664.00","1.90073E-05","6.72108"
"664.50","1.29058E-05","6.88922"
"665.00","6.60547E-06","7.18010"
"665.50","-1.82156E-07","37.00000"
"666.00","8.76101E-06","7.05745"
"666.50","2.48160E-05","6.60527"
"667.00","1.13485E-05","6.94506"
"667.50","2.56606E-05","6.59073"
"668.00","1.18862E-05","6.92496"
"668.50","2.75014E-05","6.56065"
"669.00","2.07060E-05","6.68390"
"669.50","1.26364E-05","6.89838"
"670.00","3.07758E-05","6.51179"
"670.50","1.37152E-05","6.86280"
"671.00","3.37880E-05","6.47124"
"671.50","6.31482E-05","6.19964"
"672.00","5.34319E-05","6.27220"
"672.50","6.48496E-05","6.18809"
"673.00","5.73543E-05","6.24143"
"673.50","7.65959E-05","6.11579"
"674.00","7.74831E-05","6.11079"
"674.50","8.50025E-05","6.07057"
"675.00","8.75726E-05","6.05763"
"675.50","1.00250E-04","5.99892"
"676.00","7.04368E-05","6.15220"
"676.50","5.28826E-05","6.27669"
"677.00","6.33012E-05","6.19859"
"677.50","5.42255E-05","6.26580"
"678.00","5.29006E-05","6.27654"
"678.50","7.30637E-05","6.13630"
"679.00","1.94492E-05","6.71110"
"679.50","5.68444E-05","6.24531"
"680.00","3.47632E-05","6.45888"
"680.50","1.14262E-05","6.94210"
"681.00","4.05767E-05","6.39172"
"681.50","3.06289E-05","6.51387"
"682.00","1.60271E-05","6.79515"
"682.50","6.72019E-05","6.17262"
"683.00","4.42858E-05","6.35374"
"683.50","5.15628E-05","6.28766"
"684.00","4.89378E-05","6.31036"
"684.50","6.52850E-05","6.18519"
"685.00","1.08297E-04","5.96538"
"685.50","6.91975E-05","6.15991"
"686.00","1.24271E-04","5.90563"
"686.50","1.30825E-04","5.88331"
"687.00","1.01151E-04","5.99503"
"687.50","8.46840E-05","6.07220"
"688.00","5.13715E-05","6.28928"
"688.50","7.66155E-05","6.11568"
"689.00","4.04874E-05","6.39268"
"689.50","6.51526E-05","6.18607"
"690.00","4.53639E-05","6.34329"
"690.50","3.85134E-05","6.41439"
"691.00","2.28631E-05","6.64086"
"691.50","9.48372E-08","9.02302"
"692.00","1.30054E-05","6.88588"
"692.50","-6.81697E-06","37.00000"
"693.00","2.57229E-05","6.58968"
"693.50","2.50638E-05","6.60095"
"694.00","1.72470E-05","6.76329"
"694.50","1.62334E-05","6.78959"
"695.00","7.26699E-06","7.13865"
"695.50","3.16225E-06","7.50000"
"696.00","1.61039E-05","6.79307"
"696.50","4.84942E-06","7.31431"
"697.00","1.40495E-05","6.85234"
"697.50","-1.01586E-07","37.00000"
"698.00","-6.90543E-06","37.00000"
"698.50","1.53979E-05","6.81254"
"699.00","-3.40514E-06","37.00000"
"699.50","2.54433E-05","6.59443"
"700.00","4.54009E-05","6.34294"
"700.50","3.07390E-05","6.51231"
"701.00","3.78067E-05","6.42243"
"701.50","1.99409E-05","6.70026"
"702.00","5.48520E-05","6.26081"
"702.50","2.34548E-05","6.62977"
"703.00","7.04890E-05","6.15188"
"703.50","3.02145E-05","6.51978"
"704.00","9.39327E-06","7.02718"
"704.50","-6.38326E-06","37.00000"
"705.00","-2.17799E-06","37.00000"
"705.50","6.15187E-05","6.21099"
"706.00","4.35768E-05","6.36074"
"706.50","3.13193E-05","6.50419"
"707.00","4.93040E-05","6.30712"
"707.50","3.27597E-05","6.48466"
"708.00","1.17486E-05","6.93001"
"708.50","5.90370E-06","7.22888"
"709.00","3.55807E-05","6.44879"
"709.50","1.83383E-05","6.73664"
"710.00","4.55423E-05","6.34159"
"710.50","-1.25164E-05","37.00000"
"711.00","-2.38374E-05","37.00000"
"711.50","1.14883E-05","6.93974"
"712.00","1.74511E-05","6.75818"
"712.50","-1.22569E-05","37.00000"
"713.00","2.05255E-05","6.68771"
"713.50","5.96780E-05","6.22419"
"714.00","4.88954E-05","6.31073"
"714.50","6.73746E-05","6.17150"
"715.00","-1.23730E-05","37.00000"
"715.50","4.95446E-05","6.30500"
"716.00","4.00593E-05","6.39730"
"716.50","4.06039E-05","6.39143"
"717.00","4.07259E-05","6.39013"
"717.50","9.28139E-05","6.03239"
"718.00","1.01548E-04","5.99333"
"718.50","1.33173E-04","5.87558"
"719.00","1.64629E-04","5.78349"
"719.50","1.55162E-05","6.80921"
"720.00","4.90868E-05","6.30904"
"720.50","1.00324E-04","5.99860"
"721.00","7.39662E-05","6.13097"
"721.50","1.20773E-04","5.91803"
"722.00","9.95596E-05","6.00192"
"722.50","1.24390E-04","5.90521"
"723.00","8.69632E-05","6.06066"
"723.50","6.38046E-05","6.19515"
"724.00","1.57424E-04","5.80293"
"724.50","1.18553E-04","5.92609"
"725.00","5.41118E-05","6.26671"
"725.50","6.89004E-05","6.16178"
"726.00","7.04818E-05","6.15192"
"726.50","4.46653E-05","6.35003"
"727.00","1.69694E-05","6.77033"
"727.50","4.01714E-05","6.39608"
"728.00","1.06614E-04","5.97219"
"728.50","9.51519E-05","6.02158"
"729.00","1.84447E-05","6.73413"
"729.50","3.52935E-05","6.45231"
"730.00","1.56671E-04","5.80501"
"730.50","7.26377E-05","6.13884"
"731.00","8.60738E-05","6.06513"
"731.50","7.71302E-05","6.11278"
"732.00","1.63656E-04","5.78607"
"732.50","1.44366E-04","5.84054"
"733.00","1.02925E-04","5.98748"
"733.50","4.35715E-05","6.36080"
"734.00","6.74131E-05","6.17126"
"734.50","1.04058E-04","5.98272"
"735.00","2.12198E-05","6.67326"
"735.50","-6.61167E-07","37.00000"
"736.00","5.88318E-05","6.23039"
"736.50","9.43759E-05","6.02514"
"737.00","3.82221E-05","6.41769"
"737.50","3.73627E-05","6.42756"
"738.00","-1.69639E-06","37.00000"
"738.50","4.49370E-05","6.34740"
"739.00","5.74778E-05","6.24050"
"739.50","-6.61831E-06","37.00000"
"740.00","1.91321E-05","6.71824"
"740.50","-1.12952E-04","37.00000"
"741.00","4.65165E-05","6.33239"
"741.50","1.54775E-04","5.81030"
"742.00","2.99622E-05","6.52343"
"742.50","3.62081E-05","6.44119"
"743.00","2.54708E-05","6.59396"
"743.50","9.51100E-05","6.02177"
"744.00","1.45517E-04","5.83709"
"744.50","8.76545E-05","6.05723"
"745.00","1.38246E-04","5.85935"
"745.50","8.04297E-05","6.09458"
"746.00","1.58313E-04","5.80048"
"746.50","1.78484E-04","5.74840"
"747.00","7.78753E-05","6.10860"
"747.50","2.21768E-05","6.65410"
"748.00","7.86511E-05","6.10430"
"748.50","1.31674E-04","5.88050"
"749.00","4.20058E-05","6.37669"
"749.50","-7.96032E-05","37.00000"
"750.00","-4.89235E-05","37.00000"
"750.50","2.25959E-05","6.64597"
"751.00","1.50285E-04","5.82308"
"751.50","3.07567E-05","6.51206"
"752.00","2.03262E-04","5.69194"
"752.50","-2.44803E-05","37.00000"
"753.00","1.75336E-04","5.75613"
"753.50","3.39564E-05","6.46908"
"754.00","-2.78651E-05","37.00000"
"754.50","1.71498E-04","5.76574"
"755.00","1.28108E-04","5.89242"
"755.50","3.49083E-05","6.45707"
"756.00","-1.19427E-05","37.00000"
"756.50","1.18755E-04","5.92535"
"757.00","9.70994E-05","6.01278"
"757.50","-8.77364E-06","37.00000"
"758.00","1.11836E-04","5.95142"
"758.50","8.16812E-05","6.08788"
"759.00","1.26354E-04","5.89841"
"759.50","1.22227E-04","5.91283"
"760.00","8.45443E-06","7.07292"
"760.50","5.49123E-05","6.26033"
"761.00","7.23827E-05","6.14037"
"761.50","1.11846E-04","5.95138"
"762.00","1.75014E-04","5.75693"
"762.50","5.89423E-05","6.22957"
"763.00","3.24338E-05","6.48900"
"763.50","-9.19262E-05","37.00000"
"764.00","2.56161E-04","5.59149"
"764.50","6.92422E-05","6.15963"
"765.00","2.35555E-05","6.62791"
"765.50","1.37911E-05","6.86040"
"766.00","-6.17466E-06","37.00000"
"766.50","-1.50296E-04","37.00000"
"767.00","7.71757E-05","6.11252"
"767.50","8.82039E-05","6.05451"
"768.00","1.36959E-04","5.86341"
"768.50","1.43044E-05","6.84453"
"769.00","7.03758E-05","6.15258"
"769.50","4.27042E-05","6.36953"
"770.00","1.73417E-04","5.76091"
"770.50","7.37173E-05","6.13243"
"771.00","8.77821E-05","6.05659"
"771.50","8.72101E-05","6.05943"
"772.00","-1.38115E-04","37.00000"
"772.50","-1.18940E-04","37.00000"
"773.00","6.50424E-05","6.18680"
"773.50","5.84499E-05","6.23322"
"774.00","1.29540E-04","5.88760"
"774.50","2.51848E-04","5.59886"
"775.00","2.28719E-04","5.64070"
"775.50","7.47043E-05","6.12665"
"776.00","1.89074E-04","5.72337"
"776.50","1.44817E-04","5.83918"
"777.00","1.11677E-04","5.95204"
"777.50","2.24663E-04","5.64847"
"778.00","-6.24434E-06","37.00000"
"778.50","2.25351E-04","5.64714"
"779.00","1.60493E-04","5.79454"
"779.50","8.81925E-05","6.05457"
"780.00","1.20355E-04","5.91954"
"780.50","2.11647E-04","5.67439"
"781.00","2.28319E-04","5.64146"
"781.50","2.91585E-04","5.53523"
"782.00","2.57783E-04","5.58875"
"782.50","1.88496E-04","5.72470"
"783.00","1.88020E-04","5.72580"
"783.50","9.27137E-05","6.03286"
"784.00","-1.82722E-05","37.00000"
"784.50","2.76112E-04","5.55891"
"785.00","-6.38128E-05","37.00000"
"785.50","1.59612E-04","5.79693"
"786.00","2.15590E-04","5.66637"
"786.50","4.23914E-04","5.37272"
"787.00","-4.15243E-05","37.00000"
"787.50","3.48840E-04","5.45737"
"788.00","3.58668E-05","6.44531"
"788.50","2.42993E-04","5.61441"
"789.00","-6.87342E-05","37.00000"
"789.50","1.89797E-05","6.72171"
"790.00","-1.97162E-05","37.00000"
"790.50","2.32516E-04","5.63355"
"791.00","4.46840E-05","6.34985"
"791.50","3.56407E-04","5.44805"
"792.00","-5.04735E-05","37.00000"
"792.50","-5.80958E-05","37.00000"
"793.00","-8.55794E-05","37.00000"
"793.50","1.24323E-04","5.90545"
"794.00","1.50333E-04","5.82295"
"794.50","2.48294E-04","5.60503"
"795.00","-2.19431E-04","37.00000"
"795.50","2.64183E-04","5.57810"
"796.00","7.26303E-05","6.13888"
"796.50","1.69101E-05","6.77185"
"797.00","4.68406E-04","5.32938"
"797.50","4.90603E-04","5.30927"
"798.00","-1.38218E-04","37.00000"
"798.50","2.27369E-04","5.64327"
"799.00","2.95807E-06","7.52899"
"799.50","1.39658E-04","5.85493"
"800.00","4.46373E-05","6.35030"
"800.50","3.15339E-05","6.50122"
"801.00","1.84304E-05","6.73447"
"801.50","-6.19147E-06","37.00000"
"802.00","-3.08150E-05","37.00000"
"802.50","3.14829E-05","6.50193"
"803.00","9.37802E-05","6.02789"
"803.50","4.12653E-05","6.38441"
"804.00","-1.12503E-05","37.00000"
"804.50","-7.97361E-06","37.00000"
"805.00","-4.69680E-06","37.00000"
"805.50","1.28504E-05","6.89108"
"806.00","3.03994E-05","6.51713"
"806.50","1.58294E-05","6.80054"
"807.00","1.25787E-06","7.90036"
"807.50","2.37554E-05","6.62424"
"808.00","4.62533E-05","6.33486"
"808.50","6.28609E-05","6.20162"
"809.00","7.94687E-05","6.09980"
"809.50","6.06186E-05","6.21739"
"810.00","4.17679E-05","6.37916"
"810.50","4.75075E-05","6.32324"
"811.00","5.32472E-05","6.27370"
"811.50","4.56220E-05","6.34083"
"812.00","3.79963E-05","6.42026"
"812.50","5.50657E-05","6.25912"
"813.00","7.21368E-05","6.14184"
"813.50","7.25211E-05","6.13954"
"814.00","7.29053E-05","6.13724"
"814.50","5.30867E-05","6.27501"
"815.00","3.32670E-05","6.47799"
"815.50","1.73219E-05","6.76140"
"816.00","1.37559E-06","7.86151"
"816.50","1.93094E-05","6.71423"
"817.00","3.72425E-05","6.42896"
"817.50","3.05367E-05","6.51518"
"818.00","2.38305E-05","6.62287"
"818.50","3.55091E-05","6.44966"
"819.00","4.71890E-05","6.32616"
"819.50","1.34835E-05","6.87020"
"820.00","-2.02214E-05","37.00000"
"820.50","8.17358E-06","7.08759"
"821.00","3.65704E-05","6.43687"
"821.50","2.56375E-05","6.59112"
"822.00","1.47036E-05","6.83258"
"822.50","2.14666E-05","6.66824"
"823.00","2.82294E-05","6.54930"
"823.50","2.69631E-05","6.56923"
"824.00","2.56969E-05","6.59012"
"824.50","1.85223E-05","6.73231"
"825.00","1.13475E-05","6.94510"
"825.50","-7.76508E-07","37.00000"
"826.00","-1.29007E-05","37.00000"
"826.50","6.35957E-06","7.19657"
"827.00","2.56201E-05","6.59142"
"827.50","3.56531E-05","6.44790"
"828.00","4.56864E-05","6.34021"
"828.50","1.88374E-05","6.72498"
"829.00","-8.01185E-06","37.00000"
"829.50","6.19103E-06","7.20824"
"830.00","2.03929E-05","6.69052"
"830.50","2.39225E-05","6.62119"
"831.00","2.74522E-05","6.56142"
"831.50","1.02403E-06","7.98969"
"832.00","-2.54050E-05","37.00000"
"832.50","-1.82530E-05","37.00000"
"833.00","-1.11019E-05","37.00000"
"833.50","-3.50055E-05","37.00000"
"834.00","-5.89106E-05","37.00000"
"834.50","-3.34647E-05","37.00000"
"835.00","-8.02032E-06","37.00000"
"835.50","6.94884E-06","7.15809"
"836.00","2.19174E-05","6.65921"
"836.50","2.07713E-06","7.68254"
"837.00","-1.77629E-05","37.00000"
"837.50","-1.34330E-06","37.00000"
"838.00","1.50766E-05","6.82170"
"838.50","2.13364E-06","7.67088"
"839.00","-1.08074E-05","37.00000"
"839.50","-1.44935E-05","37.00000"
"840.00","-1.81794E-05","37.00000"
"840.50","-9.29789E-06","37.00000"
"841.00","-4.16529E-07","37.00000"
"841.50","3.89800E-06","7.40916"
"842.00","8.21248E-06","7.08553"
"842.50","8.25918E-06","7.08306"
"843.00","8.30588E-06","7.08061"
"843.50","1.04239E-05","6.98197"
"844.00","1.25419E-05","6.90164"
"844.50","5.90303E-07","8.22893"
"845.00","-1.13604E-05","37.00000"
"845.50","-4.53548E-06","37.00000"
"846.00","2.28921E-06","7.64031"
"846.50","1.21453E-05","6.91559"
"847.00","2.19997E-05","6.65758"
"847.50","5.57830E-06","7.25350"
"848.00","-1.08418E-05","37.00000"
"848.50","8.67580E-06","7.06169"
"849.00","2.81926E-05","6.54986"
"849.50","1.99089E-06","7.70095"
"850.00","-2.42071E-05","37.00000"
"850.50","1.14812E-06","7.94001"
"851.00","2.65021E-05","6.57672"
"851.50","2.30271E-05","6.63776"
"852.00","1.95525E-05","6.70880"
"852.50","2.05980E-05","6.68617"
"853.00","2.16434E-05","6.66467"
"853.50","1.01589E-05","6.99315"
"854.00","-1.32519E-06","37.00000"
"854.50","1.10032E-05","6.95848"
"855.00","2.33304E-05","6.63208"
"855.50","1.56716E-05","6.80489"
"856.00","8.01385E-06","7.09616"
"856.50","1.08470E-05","6.96469"
"857.00","1.36800E-05","6.86391"
"857.50","2.52654E-05","6.59747"
"858.00","3.68497E-05","6.43357"
"858.50","2.60503E-05","6.58419"
"859.00","1.52520E-05","6.81667"
"859.50","9.04188E-06","7.04374"
"860.00","2.83259E-06","7.54782"
"860.50","1.97933E-05","6.70348"
"861.00","3.67524E-05","6.43471"
"861.50","2.35958E-05","6.62717"
"862.00","1.04408E-05","6.98127"
"862.50","1.17221E-05","6.93099"
"863.00","1.30033E-05","6.88595"
"863.50","1.40014E-05","6.85383"
"864.00","1.49993E-05","6.82393"
"864.50","1.67917E-05","6.77491"
"865.00","1.85838E-05","6.73087"
"865.50","1.40818E-05","6.85134"
"866.00","9.58014E-06","7.01863"
"866.50","1.33570E-05","6.87429"
"867.00","1.71335E-05","6.76615"
"867.50","1.76639E-05","6.75291"
"868.00","1.81943E-05","6.74006"
"868.50","1.76459E-05","6.75336"
"869.00","1.70976E-05","6.76706"
"869.50","9.59985E-06","7.01774"
"870.00","2.10294E-06","7.67717"
"870.50","9.72838E-06","7.01196"
"871.00","1.73525E-05","6.76064"
"871.50","2.00954E-05","6.69690"
"872.00","2.28382E-05","6.64134"
"872.50","1.09993E-05","6.95863"
"873.00","-8.38075E-07","37.00000"
"873.50","9.06175E-06","7.04279"
"874.00","1.89595E-05","6.72217"
"874.50","1.68376E-05","6.77372"
"875.00","1.47158E-05","6.83222"
"875.50","8.98497E-06","7.04648"
"876.00","3.25456E-06","7.48751"
"876.50","1.95293E-05","6.70931"
"877.00","3.58018E-05","6.44610"
"877.50","2.96691E-05","6.52770"
"878.00","2.35373E-05","6.62824"
"878.50","2.13221E-05","6.67117"
"879.00","1.91073E-05","6.71880"
"879.50","2.43036E-05","6.61433"
"880.00","2.94994E-05","6.53019"
"880.50","2.50584E-05","6.60105"
"881.00","2.06181E-05","6.68575"
"881.50","2.13149E-05","6.67132"
"882.00","2.20117E-05","6.65735"
"882.50","3.60724E-05","6.44282"
"883.00","5.01322E-05","6.29988"
"883.50","4.34531E-05","6.36198"
"884.00","3.67752E-05","6.43444"
"884.50","3.83180E-05","6.41660"
"885.00","3.98606E-05","6.39946"
"885.50","2.79207E-05","6.55407"
"886.00","1.59815E-05","6.79638"
"886.50","2.33621E-05","6.63149"
"887.00","3.07415E-05","6.51227"
"887.50","2.19616E-05","6.65834"
"888.00","1.31822E-05","6.88001"
"888.50","1.47169E-05","6.83218"
"889.00","1.62514E-05","6.78911"
"889.50","1.38127E-05","6.85972"
"890.00","1.13747E-05","6.94406"
"890.50","8.76863E-06","7.05707"
"891.00","6.16291E-06","7.21021"
"891.50","8.75739E-06","7.05763"
"892.00","1.13515E-05","6.94495"
"892.50","8.34917E-06","7.07836"
"893.00","5.34752E-06","7.27185"
"893.50","8.70490E-06","7.06024"
"894.00","1.20618E-05","6.91859"
"894.50","7.34868E-06","7.13379"
"895.00","2.63624E-06","7.57902"
"895.50","2.45035E-06","7.61077"
"896.00","2.26449E-06","7.64503"
"896.50","3.45668E-06","7.46134"
"897.00","4.64875E-06","7.33266"
"897.50","1.57468E-05","6.80281"
"898.00","2.68424E-05","6.57118"
"898.50","1.89059E-05","6.72340"
"899.00","1.09706E-05","6.95977"
"899.50","1.50801E-05","6.82160"
"900.00","1.91892E-05","6.71694"
"900.50","2.33172E-05","6.63232"
"901.00","2.74442E-05","6.56155"
"901.50","2.66757E-05","6.57388"
"902.00","2.59073E-05","6.58658"
"902.50","2.63045E-05","6.57997"
"903.00","2.67016E-05","6.57346"
"903.50","2.76566E-05","6.55820"
"904.00","2.86115E-05","6.54346"
"904.50","3.24998E-05","6.48812"
"905.00","3.63878E-05","6.43904"
"905.50","3.33789E-05","6.47653"
"906.00","3.03708E-05","6.51754"
"906.50","3.84999E-05","6.41454"
"907.00","4.66282E-05","6.33135"
"907.50","4.31112E-05","6.36541"
"908.00","3.95946E-05","6.40236"
"908.50","4.74936E-05","6.32336"
"909.00","5.53908E-05","6.25656"
"909.50","5.74165E-05","6.24096"
"910.00","5.94421E-05","6.22591"
"910.50","6.02354E-05","6.22015"
"911.00","6.10286E-05","6.21447"
"911.50","6.57414E-05","6.18216"
"912.00","7.04532E-05","6.15210"
"912.50","6.71518E-05","6.17294"
"913.00","6.38507E-05","6.19483"
"913.50","6.61796E-05","6.17928"
"914.00","6.85083E-05","6.16426"
"914.50","6.70856E-05","6.17337"
"915.00","6.56630E-05","6.18268"
"915.50","6.90433E-05","6.16088"
"916.00","7.24230E-05","6.14012"
"916.50","7.32731E-05","6.13506"
"917.00","7.41231E-05","6.13005"
"917.50","7.05569E-05","6.15146"
"918.00","6.69912E-05","6.17398"
"918.50","6.99258E-05","6.15536"
"919.00","7.28599E-05","6.13751"
"919.50","6.55332E-05","6.18354"
"920.00","5.82071E-05","6.23502"
"920.50","5.95082E-05","6.22542"
"921.00","6.08091E-05","6.21603"
"921.50","6.06738E-05","6.21700"
"922.00","6.05386E-05","6.21797"
"922.50","6.22077E-05","6.20616"
"923.00","6.38766E-05","6.19466"
"923.50","5.90688E-05","6.22864"
"924.00","5.42620E-05","6.26550"
"924.50","5.60789E-05","6.25120"
"925.00","5.78953E-05","6.23736"
"925.50","5.88090E-05","6.23056"
"926.00","5.97225E-05","6.22386"
"926.50","5.62737E-05","6.24969"
"927.00","5.28259E-05","6.27715"
"927.50","4.95108E-05","6.30530"
"928.00","4.61968E-05","6.33539"
"928.50","4.53697E-05","6.34323"
"929.00","4.45428E-05","6.35122"
"929.50","4.84148E-05","6.31502"
"930.00","5.22859E-05","6.28162"
"930.50","4.85971E-05","6.31339"
"931.00","4.49098E-05","6.34766"
"931.50","4.59904E-05","6.33733"
"932.00","4.70708E-05","6.32725"
"932.50","4.60567E-05","6.33671"
"933.00","4.50429E-05","6.34637"
"933.50","4.67244E-05","6.33046"
"934.00","4.84054E-05","6.31511"
"934.50","5.01159E-05","6.30002"
"935.00","5.18256E-05","6.28546"
"935.50","5.58036E-05","6.25334"
"936.00","5.97795E-05","6.22345"
"936.50","6.19017E-05","6.20830"
"937.00","6.40233E-05","6.19366"
"937.50","6.44691E-05","6.19065"
"938.00","6.49148E-05","6.18766"
"938.50","6.67928E-05","6.17527"
"939.00","6.86698E-05","6.16323"
"939.50","7.16309E-05","6.14490"
"940.00","7.45909E-05","6.12731"
"940.50","7.49845E-05","6.12503"
"941.00","7.53779E-05","6.12276"
"941.50","8.01601E-05","6.09604"
"942.00","8.49406E-05","6.07088"
"942.50","8.48140E-05","6.07153"
"943.00","8.46875E-05","6.07218"
"943.50","8.35137E-05","6.07824"
"944.00","8.23404E-05","6.08439"
"944.50","8.28515E-05","6.08170"
"945.00","8.33624E-05","6.07903"
"945.50","8.28119E-05","6.08191"
"946.00","8.22616E-05","6.08480"
"946.50","8.49724E-05","6.07072"
"947.00","8.76817E-05","6.05709"
"947.50","8.59388E-05","6.06581"
"948.00","8.41966E-05","6.07471"
"948.50","8.46566E-05","6.07234"
"949.00","8.51165E-05","6.06999"
"949.50","8.67406E-05","6.06178"
"950.00","8.83640E-05","6.05372"
"950.50","8.42749E-05","6.07430"
"951.00","8.01878E-05","6.09589"
"951.50","8.18814E-05","6.08681"
"952.00","8.35746E-05","6.07793"
"952.50","8.32566E-05","6.07958"
"953.00","8.29388E-05","6.08124"
"953.50","8.23264E-05","6.08446"
"954.00","8.17143E-05","6.08770"
"954.50","7.88630E-05","6.10313"
"955.00","7.60128E-05","6.11911"
"955.50","7.66071E-05","6.11573"
"956.00","7.72012E-05","6.11238"
"956.50","7.88262E-05","6.10333"
"957.00","8.04503E-05","6.09447"
"957.50","7.81498E-05","6.10707"
"958.00","7.58499E-05","6.12004"
"958.50","7.87565E-05","6.10371"
"959.00","8.16621E-05","6.08798"
"959.50","7.88901E-05","6.10298"
"960.00","7.61199E-05","6.11850"
"960.50","7.78264E-05","6.10887"
"961.00","7.95325E-05","6.09946"
"961.50","7.67988E-05","6.11465"
"962.00","7.40664E-05","6.13038"
"962.50","7.32364E-05","6.13527"
"963.00","7.24069E-05","6.14022"
"963.50","7.31056E-05","6.13605"
"964.00","7.38042E-05","6.13192"
"964.50","7.56524E-05","6.12118"
"965.00","7.74998E-05","6.11070"
"965.50","7.64460E-05","6.11665"
"966.00","7.53927E-05","6.12267"
"966.50","7.37799E-05","6.13206"
"967.00","7.21674E-05","6.14166"
"967.50","7.49490E-05","6.12523"
"968.00","7.77293E-05","6.10942"
"968.50","7.71004E-05","6.11294"
"969.00","7.64716E-05","6.11650"
"969.50","7.73912E-05","6.11131"
"970.00","7.83107E-05","6.10618"
"970.50","7.88697E-05","6.10309"
"971.00","7.94284E-05","6.10002"
"971.50","8.21214E-05","6.08554"
"972.00","8.48140E-05","6.07153"
"972.50","8.29370E-05","6.08125"
"973.00","8.10608E-05","6.09119"
"973.50","8.14339E-05","6.08919"
"974.00","8.18068E-05","6.08721"
"974.50","8.31319E-05","6.08023"
"975.00","8.44570E-05","6.07336"
"975.50","8.46300E-05","6.07248"
"976.00","8.48030E-05","6.07159"
"976.50","7.82074E-05","6.10675"
"977.00","7.16134E-05","6.14501"
"977.50","7.41895E-05","6.12966"
"978.00","7.67653E-05","6.11484"
"978.50","7.56542E-05","6.12117"
"979.00","7.45435E-05","6.12759"
"979.50","7.05723E-05","6.15137"
"980.00","6.66015E-05","6.17652"
"980.50","6.19949E-05","6.20764"
"981.00","5.73900E-05","6.24116"
"981.50","5.82044E-05","6.23504"
"982.00","5.90186E-05","6.22901"
"982.50","5.65308E-05","6.24771"
"983.00","5.40433E-05","6.26726"
"983.50","5.13005E-05","6.28988"
"984.00","4.85586E-05","6.31373"
"984.50","4.83368E-05","6.31572"
"985.00","4.81150E-05","6.31772"
"985.50","4.60588E-05","6.33669"
"986.00","4.40030E-05","6.35652"
"986.50","4.52903E-05","6.34399"
"987.00","4.65774E-05","6.33182"
"987.50","4.51080E-05","6.34575"
"988.00","4.36387E-05","6.36013"
"988.50","4.18218E-05","6.37860"
"989.00","4.00054E-05","6.39788"
"989.50","4.11820E-05","6.38529"
"990.00","4.23583E-05","6.37306"
"990.50","4.13224E-05","6.38381"
"991.00","4.02868E-05","6.39484"
"991.50","4.20369E-05","6.37637"
"992.00","4.37868E-05","6.35866"
"992.50","4.12457E-05","6.38462"
"993.00","3.87050E-05","6.41223"
"993.50","4.08388E-05","6.38893"
"994.00","4.29725E-05","6.36681"
"994.50","4.54576E-05","6.34239"
"995.00","4.79422E-05","6.31928"
"995.50","4.58395E-05","6.33876"
"996.00","4.37369E-05","6.35915"
"996.50","4.80970E-05","6.31788"
"997.00","5.24567E-05","6.28020"
"997.50","5.24079E-05","6.28060"
"998.00","5.23591E-05","6.28101"
"998.50","5.45707E-05","6.26304"
"999.00","5.67821E-05","6.24579"
"999.50","6.13271E-05","6.21235"
"1000.00","6.58716E-05","6.18130"
"1000.50","6.79851E-05","6.16759"
"1001.00","7.00984E-05","6.15429"
"1001.50","7.49527E-05","6.12521"
"1002.00","7.98068E-05","6.09796"
"1002.50","8.02431E-05","6.09559"
"1003.00","8.06794E-05","6.09324"
"1003.50","8.90433E-05","6.05040"
"1004.00","9.74061E-05","6.01141"
"1004.50","1.00711E-04","5.99692"
"1005.00","1.04016E-04","5.98290"
"1005.50","1.07582E-04","5.96826"
"1006.00","1.11147E-04","5.95410"
"1006.50","1.18701E-04","5.92555"
"1007.00","1.26255E-04","5.89875"
"1007.50","1.36279E-04","5.86557"
"1008.00","1.46301E-04","5.83475"
"1008.50","1.56518E-04","5.80544"
"1009.00","1.66733E-04","5.77798"
"1009.50","1.77464E-04","5.75089"
"1010.00","1.88195E-04","5.72539"
"1010.50","2.06441E-04","5.68520"
"1011.00","2.24686E-04","5.64842"
"1011.50","2.42641E-04","5.61504"
"1012.00","2.60594E-04","5.58404"
"1012.50","2.76012E-04","5.55907"
"1013.00","2.91431E-04","5.53546"
"1013.50","3.16320E-04","5.49987"
"1014.00","3.41209E-04","5.46698"
"1014.50","3.73498E-04","5.42771"
"1015.00","4.05787E-04","5.39170"
"1015.50","4.39710E-04","5.35683"
"1016.00","4.73632E-04","5.32456"
"1016.50","5.19177E-04","5.28468"
"1017.00","5.64722E-04","5.24817"
"1017.50","6.16800E-04","5.20986"
"1018.00","6.68880E-04","5.17465"
"1018.50","7.35305E-04","5.13353"
"1019.00","8.01725E-04","5.09597"
"1019.50","8.70532E-04","5.06022"
"1020.00","9.39336E-04","5.02718"
"1020.50","1.02849E-03","4.98780"
"1021.00","1.11765E-03","4.95169"
"1021.50","1.21243E-03","4.91634"
"1022.00","1.30721E-03","4.88365"
"1022.50","1.41627E-03","4.84885"
"1023.00","1.52533E-03","4.81664"
"1023.50","1.65082E-03","4.78230"
"1024.00","1.77631E-03","4.75048"
"1024.50","1.90395E-03","4.72034"
"1025.00","2.03160E-03","4.69216"
"1025.50","2.17715E-03","4.66211"
"1026.00","2.32270E-03","4.63401"
"1026.50","2.47000E-03","4.60730"
"1027.00","2.61731E-03","4.58214"
"1027.50","2.76775E-03","4.55787"
"1028.00","2.91820E-03","4.53488"
"1028.50","3.07204E-03","4.51257"
"1029.00","3.22590E-03","4.49135"
"1029.50","3.38948E-03","4.46987"
"1030.00","3.55305E-03","4.44940"
"1030.50","3.71351E-03","4.43022"
"1031.00","3.87399E-03","4.41184"
"1031.50","4.04511E-03","4.39307"
"1032.00","4.21623E-03","4.37508"
"1032.50","4.40436E-03","4.35612"
"1033.00","4.59250E-03","4.33795"
"1033.50","4.79423E-03","4.31928"
"1034.00","4.99597E-03","4.30138"
"1034.50","5.22601E-03","4.28183"
"1035.00","5.45602E-03","4.26312"
"1035.50","5.73124E-03","4.24175"
"1036.00","6.00646E-03","4.22138"
"1036.50","6.32187E-03","4.19915"
"1037.00","6.63732E-03","4.17801"
"1037.50","7.01846E-03","4.15376"
"1038.00","7.39960E-03","4.13079"
"1038.50","7.87238E-03","4.10389"
"1039.00","8.34518E-03","4.07856"
"1039.50","8.91230E-03","4.05001"
"1040.00","9.47944E-03","4.02322"
"1040.50","1.01826E-02","3.99214"
"1041.00","1.08857E-02","3.96314"
"1041.50","1.17866E-02","3.92861"
"1042.00","1.26875E-02","3.89662"
"1042.50","1.38138E-02","3.85969"
"1043.00","1.49403E-02","3.82564"
"1043.50","1.63704E-02","3.78594"
"1044.00","1.78007E-02","3.74956"
"1044.50","1.96407E-02","3.70684"
"1045.00","2.14810E-02","3.66795"
"1045.50","2.39230E-02","3.62118"
"1046.00","2.63651E-02","3.57897"
"1046.50","2.95803E-02","3.52900"
"1047.00","3.27958E-02","3.48418"
"1047.50","3.71108E-02","3.43050"
"1048.00","4.14262E-02","3.38272"
"1048.50","4.74715E-02","3.32357"
"1049.00","5.35170E-02","3.27151"
"1049.50","6.19143E-02","3.20821"
"1050.00","7.03112E-02","3.15298"
"1050.50","8.24997E-02","3.08355"
"1051.00","9.46881E-02","3.02370"
"1051.50","1.13290E-01","2.94581"
"1052.00","1.31892E-01","2.87978"
"1052.50","1.60878E-01","2.79350"
"1053.00","1.89867E-01","2.72155"
"1053.50","2.37316E-01","2.62467"
"1054.00","2.84766E-01","2.54551"
"1054.50","3.68702E-01","2.43332"
"1055.00","4.52641E-01","2.34425"
"1055.50","5.86002E-01","2.23210"
"1056.00","7.19374E-01","2.14305"
"1056.50","9.12702E-01","2.03967"
"1057.00","6.34687E-01","2.19744"
"1057.50","8.50904E-01","2.07012"
"1058.00","1.06713E+00","1.97178"
"1058.50","1.46513E+00","1.83412"
"1059.00","1.86315E+00","1.72975"
"1059.50","2.47841E+00","1.60583"
"1060.00","3.09372E+00","1.50952"
"1060.50","3.66043E+00","1.43647"
"1061.00","4.22716E+00","1.37395"
"1061.50","4.17896E+00","1.37893"
"1062.00","4.13076E+00","1.38397"
"1062.50","3.65246E+00","1.43741"
"1063.00","3.17410E+00","1.49838"
"1063.50","2.74789E+00","1.56100"
"1064.00","2.32166E+00","1.63420"
"1064.50","2.04190E+00","1.68997"
"1065.00","1.76213E+00","1.75396"
"1065.50","1.59275E+00","1.79785"
"1066.00","1.42337E+00","1.84668"
"1066.50","1.32081E+00","1.87916"
"1067.00","1.21824E+00","1.91427"
"1067.50","1.15657E+00","1.93683"
"1068.00","1.09490E+00","1.96063"
"1068.50","1.06107E+00","1.97426"
"1069.00","1.02724E+00","1.98833"
"1069.50","1.01351E+00","1.99417"
"1070.00","9.99769E-01","2.00010"
"1070.50","1.00218E+00","1.99905"
"1071.00","1.00459E+00","1.99801"
"1071.50","1.02062E+00","1.99114"
"1072.00","1.03665E+00","1.98437"
"1072.50","1.06603E+00","1.97223"
"1073.00","1.09541E+00","1.96042"
"1073.50","1.13848E+00","1.94367"
"1074.00","1.18155E+00","1.92755"
"1074.50","1.23539E+00","1.90820"
"1075.00","1.28923E+00","1.88967"
"1075.50","1.35259E+00","1.86883"
"1076.00","1.41595E+00","1.84895"
"1076.50","1.48688E+00","1.82772"
"1077.00","1.55782E+00","1.80748"
"1077.50","1.63009E+00","1.78779"
"1078.00","1.70236E+00","1.76895"
"1078.50","1.76925E+00","1.75221"
"1079.00","1.83614E+00","1.73609"
"1079.50","1.89468E+00","1.72246"
"1080.00","1.95322E+00","1.70925"
"1080.50","2.00008E+00","1.69895"
"1081.00","2.04694E+00","1.68889"
"1081.50","2.08473E+00","1.68095"
"1082.00","2.12251E+00","1.67315"
"1082.50","2.15816E+00","1.66592"
"1083.00","2.19381E+00","1.65880"
"1083.50","2.23774E+00","1.65019"
"1084.00","2.28167E+00","1.64175"
"1084.50","2.34449E+00","1.62995"
"1085.00","2.40731E+00","1.61847"
"1085.50","2.50675E+00","1.60089"
"1086.00","2.60618E+00","1.58400"
"1086.50","2.76592E+00","1.55816"
"1087.00","2.92565E+00","1.53378"
"1087.50","3.18129E+00","1.49740"
"1088.00","3.43697E+00","1.46382"
"1088.50","3.86616E+00","1.41272"
"1089.00","4.29518E+00","1.36702"
"1089.50","5.09630E+00","1.29275"
"1090.00","5.89737E+00","1.22934"
"1090.50","7.51438E+00","1.12411"
"1091.00","9.13153E+00","1.03946"
"1091.50","1.31466E+01","0.88119"
"1092.00","1.71605E+01","0.76547"
"1092.50","2.88141E+01","0.54039"
"1093.00","4.04655E+01","0.39292"
"1093.50","5.70443E+01","0.24379"
"1094.00","7.36230E+01","0.13299"
"1094.50","5.93138E+01","0.22684"
"1095.00","4.50056E+01","0.34673"
"1095.50","3.02404E+01","0.51941"
"1096.00","1.54804E+01","0.81022"
"1096.50","1.11594E+01","0.95236"
"1097.00","6.83835E+00","1.16505"
"1097.50","5.29255E+00","1.27634"
"1098.00","3.74674E+00","1.42635"
"1098.50","3.04364E+00","1.51661"
"1099.00","2.34071E+00","1.63065"
"1099.50","1.96697E+00","1.70620"
"1100.00","1.59333E+00","1.79769"
