subject,group,context,file,sig,pcl,BG,EX,blur,lpf,drift,actStart,actEnd,cm_px,stimX,stimY,angle,cv,apexAngle,notes
20180522-rata,mehp,base,20180522-rata-05.sif,vm,240,0.3,0.5,15,50,NA,1.194,1.23,0.004761626,0.15369,0.74254,5,67.2744,115,
20180522-rata,mehp,base,20180522-rata-05.sif,vm,240,0.3,0.5,15,50,NA,1.194,1.23,0.004761626,0.15369,0.74254,15,58.7951,,
20180522-rata,mehp,base,20180522-rata-05.sif,vm,240,0.3,0.5,15,50,NA,1.194,1.23,0.004761626,0.15369,0.74254,25,74.3114,,
20180522-rata,mehp,base,20180522-rata-05.sif,vm,240,0.3,0.5,15,50,NA,1.194,1.23,0.004761626,0.15369,0.74254,35,64.2724,,
20180522-rata,mehp,base,20180522-rata-05.sif,vm,240,0.3,0.5,15,50,NA,1.194,1.23,0.004761626,0.15369,0.74254,45,63.043,,
20180522-rata,mehp,base,20180522-rata-05.sif,vm,240,0.3,0.5,15,50,NA,1.194,1.23,0.004761626,0.15369,0.74254,55,56.1516,,
20180522-rata,mehp,base,20180522-rata-05.sif,vm,240,0.3,0.5,15,50,NA,1.194,1.23,0.004761626,0.15369,0.74254,65,46.8613,,
20180522-rata,mehp,base,20180522-rata-05.sif,vm,240,0.3,0.5,15,50,NA,1.194,1.23,0.004761626,0.15369,0.74254,75,54.1037,,
20180522-rata,mehp,base,20180522-rata-05.sif,vm,240,0.3,0.5,15,50,NA,1.194,1.23,0.004761626,0.15369,0.74254,85,58.6256,,
20180522-rata,mehp,base,20180522-rata-05.sif,vm,240,0.3,0.5,15,50,NA,1.194,1.23,0.004761626,0.15369,0.74254,95,72.2517,,
20180522-rata,mehp,base,20180522-rata-05.sif,vm,240,0.3,0.5,15,50,NA,1.194,1.23,0.004761626,0.15369,0.74254,105,NaN,,
20180522-rata,mehp,base,20180522-rata-05.sif,vm,240,0.3,0.5,15,50,NA,1.194,1.23,0.004761626,0.15369,0.74254,115,NaN,,
20180522-rata,mehp,base,20180522-rata-05.sif,vm,240,0.3,0.5,15,50,NA,1.194,1.23,0.004761626,0.15369,0.74254,125,NaN,,
20180522-rata,mehp,base,20180522-rata-05.sif,vm,240,0.3,0.5,15,50,NA,1.194,1.23,0.004761626,0.15369,0.74254,135,NaN,,
20180522-rata,mehp,base,20180522-rata-05.sif,vm,240,0.3,0.5,15,50,NA,1.194,1.23,0.004761626,0.15369,0.74254,145,NaN,,
20180522-rata,mehp,base,20180522-rata-05.sif,vm,240,0.3,0.5,15,50,NA,1.194,1.23,0.004761626,0.15369,0.74254,155,NaN,,
20180522-rata,mehp,base,20180522-rata-05.sif,vm,240,0.3,0.5,15,50,NA,1.194,1.23,0.004761626,0.15369,0.74254,165,NaN,,
20180522-rata,mehp,base,20180522-rata-05.sif,vm,240,0.3,0.5,15,50,NA,1.194,1.23,0.004761626,0.15369,0.74254,175,NaN,,
20180522-rata,mehp,base,20180522-rata-05.sif,vm,240,0.3,0.5,15,50,NA,1.194,1.23,0.004761626,0.15369,0.74254,185,NaN,,
20180522-rata,mehp,base,20180522-rata-05.sif,vm,240,0.3,0.5,15,50,NA,1.194,1.23,0.004761626,0.15369,0.74254,195,NaN,,
20180522-rata,mehp,base,20180522-rata-05.sif,vm,240,0.3,0.5,15,50,NA,1.194,1.23,0.004761626,0.15369,0.74254,205,NaN,,
20180522-rata,mehp,base,20180522-rata-05.sif,vm,240,0.3,0.5,15,50,NA,1.194,1.23,0.004761626,0.15369,0.74254,215,NaN,,
20180522-rata,mehp,base,20180522-rata-05.sif,vm,240,0.3,0.5,15,50,NA,1.194,1.23,0.004761626,0.15369,0.74254,225,NaN,,
20180522-rata,mehp,base,20180522-rata-05.sif,vm,240,0.3,0.5,15,50,NA,1.194,1.23,0.004761626,0.15369,0.74254,235,NaN,,
20180522-rata,mehp,base,20180522-rata-05.sif,vm,240,0.3,0.5,15,50,NA,1.194,1.23,0.004761626,0.15369,0.74254,245,NaN,,
20180522-rata,mehp,base,20180522-rata-05.sif,vm,240,0.3,0.5,15,50,NA,1.194,1.23,0.004761626,0.15369,0.74254,255,NaN,,
20180522-rata,mehp,base,20180522-rata-05.sif,vm,240,0.3,0.5,15,50,NA,1.194,1.23,0.004761626,0.15369,0.74254,265,NaN,,
20180522-rata,mehp,base,20180522-rata-05.sif,vm,240,0.3,0.5,15,50,NA,1.194,1.23,0.004761626,0.15369,0.74254,275,NaN,,
20180522-rata,mehp,base,20180522-rata-05.sif,vm,240,0.3,0.5,15,50,NA,1.194,1.23,0.004761626,0.15369,0.74254,285,NaN,,
20180522-rata,mehp,base,20180522-rata-05.sif,vm,240,0.3,0.5,15,50,NA,1.194,1.23,0.004761626,0.15369,0.74254,295,NaN,,
20180522-rata,mehp,base,20180522-rata-05.sif,vm,240,0.3,0.5,15,50,NA,1.194,1.23,0.004761626,0.15369,0.74254,305,81.3756,,
20180522-rata,mehp,base,20180522-rata-05.sif,vm,240,0.3,0.5,15,50,NA,1.194,1.23,0.004761626,0.15369,0.74254,315,58.9189,,
20180522-rata,mehp,base,20180522-rata-05.sif,vm,240,0.3,0.5,15,50,NA,1.194,1.23,0.004761626,0.15369,0.74254,325,60.8619,,
20180522-rata,mehp,base,20180522-rata-05.sif,vm,240,0.3,0.5,15,50,NA,1.194,1.23,0.004761626,0.15369,0.74254,335,61.0325,,
20180522-rata,mehp,base,20180522-rata-05.sif,vm,240,0.3,0.5,15,50,NA,1.194,1.23,0.004761626,0.15369,0.74254,345,57.81,,
20180522-rata,mehp,base,20180522-rata-05.sif,vm,240,0.3,0.5,15,50,NA,1.194,1.23,0.004761626,0.15369,0.74254,355,67.0736,,
20180522-rata,mehp,base,20180522-rata-10.sif,vm,190,0.3,0.5,15,50,NA,1.169,1.206,0.004761626,0.15369,0.74254,5,64.3669,115,
20180522-rata,mehp,base,20180522-rata-10.sif,vm,190,0.3,0.5,15,50,NA,1.169,1.206,0.004761626,0.15369,0.74254,15,65.5163,,
20180522-rata,mehp,base,20180522-rata-10.sif,vm,190,0.3,0.5,15,50,NA,1.169,1.206,0.004761626,0.15369,0.74254,25,77.8848,,
20180522-rata,mehp,base,20180522-rata-10.sif,vm,190,0.3,0.5,15,50,NA,1.169,1.206,0.004761626,0.15369,0.74254,35,80.0113,,
20180522-rata,mehp,base,20180522-rata-10.sif,vm,190,0.3,0.5,15,50,NA,1.169,1.206,0.004761626,0.15369,0.74254,45,65.3797,,
20180522-rata,mehp,base,20180522-rata-10.sif,vm,190,0.3,0.5,15,50,NA,1.169,1.206,0.004761626,0.15369,0.74254,55,54.9609,,
20180522-rata,mehp,base,20180522-rata-10.sif,vm,190,0.3,0.5,15,50,NA,1.169,1.206,0.004761626,0.15369,0.74254,65,49.543,,
20180522-rata,mehp,base,20180522-rata-10.sif,vm,190,0.3,0.5,15,50,NA,1.169,1.206,0.004761626,0.15369,0.74254,75,55.6283,,
20180522-rata,mehp,base,20180522-rata-10.sif,vm,190,0.3,0.5,15,50,NA,1.169,1.206,0.004761626,0.15369,0.74254,85,62.8287,,
20180522-rata,mehp,base,20180522-rata-10.sif,vm,190,0.3,0.5,15,50,NA,1.169,1.206,0.004761626,0.15369,0.74254,95,68.1975,,
20180522-rata,mehp,base,20180522-rata-10.sif,vm,190,0.3,0.5,15,50,NA,1.169,1.206,0.004761626,0.15369,0.74254,105,NaN,,
20180522-rata,mehp,base,20180522-rata-10.sif,vm,190,0.3,0.5,15,50,NA,1.169,1.206,0.004761626,0.15369,0.74254,115,NaN,,
20180522-rata,mehp,base,20180522-rata-10.sif,vm,190,0.3,0.5,15,50,NA,1.169,1.206,0.004761626,0.15369,0.74254,125,NaN,,
20180522-rata,mehp,base,20180522-rata-10.sif,vm,190,0.3,0.5,15,50,NA,1.169,1.206,0.004761626,0.15369,0.74254,135,NaN,,
20180522-rata,mehp,base,20180522-rata-10.sif,vm,190,0.3,0.5,15,50,NA,1.169,1.206,0.004761626,0.15369,0.74254,145,NaN,,
20180522-rata,mehp,base,20180522-rata-10.sif,vm,190,0.3,0.5,15,50,NA,1.169,1.206,0.004761626,0.15369,0.74254,155,NaN,,
20180522-rata,mehp,base,20180522-rata-10.sif,vm,190,0.3,0.5,15,50,NA,1.169,1.206,0.004761626,0.15369,0.74254,165,NaN,,
20180522-rata,mehp,base,20180522-rata-10.sif,vm,190,0.3,0.5,15,50,NA,1.169,1.206,0.004761626,0.15369,0.74254,175,NaN,,
20180522-rata,mehp,base,20180522-rata-10.sif,vm,190,0.3,0.5,15,50,NA,1.169,1.206,0.004761626,0.15369,0.74254,185,NaN,,
20180522-rata,mehp,base,20180522-rata-10.sif,vm,190,0.3,0.5,15,50,NA,1.169,1.206,0.004761626,0.15369,0.74254,195,NaN,,
20180522-rata,mehp,base,20180522-rata-10.sif,vm,190,0.3,0.5,15,50,NA,1.169,1.206,0.004761626,0.15369,0.74254,205,NaN,,
20180522-rata,mehp,base,20180522-rata-10.sif,vm,190,0.3,0.5,15,50,NA,1.169,1.206,0.004761626,0.15369,0.74254,215,NaN,,
20180522-rata,mehp,base,20180522-rata-10.sif,vm,190,0.3,0.5,15,50,NA,1.169,1.206,0.004761626,0.15369,0.74254,225,NaN,,
20180522-rata,mehp,base,20180522-rata-10.sif,vm,190,0.3,0.5,15,50,NA,1.169,1.206,0.004761626,0.15369,0.74254,235,NaN,,
20180522-rata,mehp,base,20180522-rata-10.sif,vm,190,0.3,0.5,15,50,NA,1.169,1.206,0.004761626,0.15369,0.74254,245,NaN,,
20180522-rata,mehp,base,20180522-rata-10.sif,vm,190,0.3,0.5,15,50,NA,1.169,1.206,0.004761626,0.15369,0.74254,255,NaN,,
20180522-rata,mehp,base,20180522-rata-10.sif,vm,190,0.3,0.5,15,50,NA,1.169,1.206,0.004761626,0.15369,0.74254,265,NaN,,
20180522-rata,mehp,base,20180522-rata-10.sif,vm,190,0.3,0.5,15,50,NA,1.169,1.206,0.004761626,0.15369,0.74254,275,NaN,,
20180522-rata,mehp,base,20180522-rata-10.sif,vm,190,0.3,0.5,15,50,NA,1.169,1.206,0.004761626,0.15369,0.74254,285,NaN,,
20180522-rata,mehp,base,20180522-rata-10.sif,vm,190,0.3,0.5,15,50,NA,1.169,1.206,0.004761626,0.15369,0.74254,295,NaN,,
20180522-rata,mehp,base,20180522-rata-10.sif,vm,190,0.3,0.5,15,50,NA,1.169,1.206,0.004761626,0.15369,0.74254,305,113.2031,,
20180522-rata,mehp,base,20180522-rata-10.sif,vm,190,0.3,0.5,15,50,NA,1.169,1.206,0.004761626,0.15369,0.74254,315,71.1928,,
20180522-rata,mehp,base,20180522-rata-10.sif,vm,190,0.3,0.5,15,50,NA,1.169,1.206,0.004761626,0.15369,0.74254,325,59.451,,
20180522-rata,mehp,base,20180522-rata-10.sif,vm,190,0.3,0.5,15,50,NA,1.169,1.206,0.004761626,0.15369,0.74254,335,50.9511,,
20180522-rata,mehp,base,20180522-rata-10.sif,vm,190,0.3,0.5,15,50,NA,1.169,1.206,0.004761626,0.15369,0.74254,345,55.7116,,
20180522-rata,mehp,base,20180522-rata-10.sif,vm,190,0.3,0.5,15,50,NA,1.169,1.206,0.004761626,0.15369,0.74254,355,58.831,,
20180522-rata,mehp,base,20180522-rata-15.sif,vm,140,0.3,0.5,15,50,NA,1.117,1.157,0.004761626,0.15369,0.74254,5,58.5671,115,
20180522-rata,mehp,base,20180522-rata-15.sif,vm,140,0.3,0.5,15,50,NA,1.117,1.157,0.004761626,0.15369,0.74254,15,60.5408,,
20180522-rata,mehp,base,20180522-rata-15.sif,vm,140,0.3,0.5,15,50,NA,1.117,1.157,0.004761626,0.15369,0.74254,25,75.541,,
20180522-rata,mehp,base,20180522-rata-15.sif,vm,140,0.3,0.5,15,50,NA,1.117,1.157,0.004761626,0.15369,0.74254,35,69.2713,,
20180522-rata,mehp,base,20180522-rata-15.sif,vm,140,0.3,0.5,15,50,NA,1.117,1.157,0.004761626,0.15369,0.74254,45,57.0917,,
20180522-rata,mehp,base,20180522-rata-15.sif,vm,140,0.3,0.5,15,50,NA,1.117,1.157,0.004761626,0.15369,0.74254,55,43.0658,,
20180522-rata,mehp,base,20180522-rata-15.sif,vm,140,0.3,0.5,15,50,NA,1.117,1.157,0.004761626,0.15369,0.74254,65,38.4098,,
20180522-rata,mehp,base,20180522-rata-15.sif,vm,140,0.3,0.5,15,50,NA,1.117,1.157,0.004761626,0.15369,0.74254,75,49.2158,,
20180522-rata,mehp,base,20180522-rata-15.sif,vm,140,0.3,0.5,15,50,NA,1.117,1.157,0.004761626,0.15369,0.74254,85,44.6414,,
20180522-rata,mehp,base,20180522-rata-15.sif,vm,140,0.3,0.5,15,50,NA,1.117,1.157,0.004761626,0.15369,0.74254,95,65.4461,,
20180522-rata,mehp,base,20180522-rata-15.sif,vm,140,0.3,0.5,15,50,NA,1.117,1.157,0.004761626,0.15369,0.74254,105,NaN,,
20180522-rata,mehp,base,20180522-rata-15.sif,vm,140,0.3,0.5,15,50,NA,1.117,1.157,0.004761626,0.15369,0.74254,115,NaN,,
20180522-rata,mehp,base,20180522-rata-15.sif,vm,140,0.3,0.5,15,50,NA,1.117,1.157,0.004761626,0.15369,0.74254,125,NaN,,
20180522-rata,mehp,base,20180522-rata-15.sif,vm,140,0.3,0.5,15,50,NA,1.117,1.157,0.004761626,0.15369,0.74254,135,NaN,,
20180522-rata,mehp,base,20180522-rata-15.sif,vm,140,0.3,0.5,15,50,NA,1.117,1.157,0.004761626,0.15369,0.74254,145,NaN,,
20180522-rata,mehp,base,20180522-rata-15.sif,vm,140,0.3,0.5,15,50,NA,1.117,1.157,0.004761626,0.15369,0.74254,155,NaN,,
20180522-rata,mehp,base,20180522-rata-15.sif,vm,140,0.3,0.5,15,50,NA,1.117,1.157,0.004761626,0.15369,0.74254,165,NaN,,
20180522-rata,mehp,base,20180522-rata-15.sif,vm,140,0.3,0.5,15,50,NA,1.117,1.157,0.004761626,0.15369,0.74254,175,NaN,,
20180522-rata,mehp,base,20180522-rata-15.sif,vm,140,0.3,0.5,15,50,NA,1.117,1.157,0.004761626,0.15369,0.74254,185,NaN,,
20180522-rata,mehp,base,20180522-rata-15.sif,vm,140,0.3,0.5,15,50,NA,1.117,1.157,0.004761626,0.15369,0.74254,195,NaN,,
20180522-rata,mehp,base,20180522-rata-15.sif,vm,140,0.3,0.5,15,50,NA,1.117,1.157,0.004761626,0.15369,0.74254,205,NaN,,
20180522-rata,mehp,base,20180522-rata-15.sif,vm,140,0.3,0.5,15,50,NA,1.117,1.157,0.004761626,0.15369,0.74254,215,NaN,,
20180522-rata,mehp,base,20180522-rata-15.sif,vm,140,0.3,0.5,15,50,NA,1.117,1.157,0.004761626,0.15369,0.74254,225,NaN,,
20180522-rata,mehp,base,20180522-rata-15.sif,vm,140,0.3,0.5,15,50,NA,1.117,1.157,0.004761626,0.15369,0.74254,235,NaN,,
20180522-rata,mehp,base,20180522-rata-15.sif,vm,140,0.3,0.5,15,50,NA,1.117,1.157,0.004761626,0.15369,0.74254,245,NaN,,
20180522-rata,mehp,base,20180522-rata-15.sif,vm,140,0.3,0.5,15,50,NA,1.117,1.157,0.004761626,0.15369,0.74254,255,NaN,,
20180522-rata,mehp,base,20180522-rata-15.sif,vm,140,0.3,0.5,15,50,NA,1.117,1.157,0.004761626,0.15369,0.74254,265,NaN,,
20180522-rata,mehp,base,20180522-rata-15.sif,vm,140,0.3,0.5,15,50,NA,1.117,1.157,0.004761626,0.15369,0.74254,275,NaN,,
20180522-rata,mehp,base,20180522-rata-15.sif,vm,140,0.3,0.5,15,50,NA,1.117,1.157,0.004761626,0.15369,0.74254,285,NaN,,
20180522-rata,mehp,base,20180522-rata-15.sif,vm,140,0.3,0.5,15,50,NA,1.117,1.157,0.004761626,0.15369,0.74254,295,NaN,,
20180522-rata,mehp,base,20180522-rata-15.sif,vm,140,0.3,0.5,15,50,NA,1.117,1.157,0.004761626,0.15369,0.74254,305,86.9531,,
20180522-rata,mehp,base,20180522-rata-15.sif,vm,140,0.3,0.5,15,50,NA,1.117,1.157,0.004761626,0.15369,0.74254,315,67.8673,,
20180522-rata,mehp,base,20180522-rata-15.sif,vm,140,0.3,0.5,15,50,NA,1.117,1.157,0.004761626,0.15369,0.74254,325,63.4688,,
20180522-rata,mehp,base,20180522-rata-15.sif,vm,140,0.3,0.5,15,50,NA,1.117,1.157,0.004761626,0.15369,0.74254,335,52.1748,,
20180522-rata,mehp,base,20180522-rata-15.sif,vm,140,0.3,0.5,15,50,NA,1.117,1.157,0.004761626,0.15369,0.74254,345,50.0087,,
20180522-rata,mehp,base,20180522-rata-15.sif,vm,140,0.3,0.5,15,50,NA,1.117,1.157,0.004761626,0.15369,0.74254,355,53.9856,,
20180522-rata,mehp,post,20180522-rata-28.sif,vm,240,0.3,0.5,15,50,NA,1.213,1.253,0.004689921,0.21521,0.47888,5,60.2135,115,
20180522-rata,mehp,post,20180522-rata-28.sif,vm,240,0.3,0.5,15,50,NA,1.213,1.253,0.004689921,0.21521,0.47888,15,53.1031,,
20180522-rata,mehp,post,20180522-rata-28.sif,vm,240,0.3,0.5,15,50,NA,1.213,1.253,0.004689921,0.21521,0.47888,25,52.3079,,
20180522-rata,mehp,post,20180522-rata-28.sif,vm,240,0.3,0.5,15,50,NA,1.213,1.253,0.004689921,0.21521,0.47888,35,48.623,,
20180522-rata,mehp,post,20180522-rata-28.sif,vm,240,0.3,0.5,15,50,NA,1.213,1.253,0.004689921,0.21521,0.47888,45,38.2248,,
20180522-rata,mehp,post,20180522-rata-28.sif,vm,240,0.3,0.5,15,50,NA,1.213,1.253,0.004689921,0.21521,0.47888,55,35.075,,
20180522-rata,mehp,post,20180522-rata-28.sif,vm,240,0.3,0.5,15,50,NA,1.213,1.253,0.004689921,0.21521,0.47888,65,27.7361,,
20180522-rata,mehp,post,20180522-rata-28.sif,vm,240,0.3,0.5,15,50,NA,1.213,1.253,0.004689921,0.21521,0.47888,75,18.2615,,
20180522-rata,mehp,post,20180522-rata-28.sif,vm,240,0.3,0.5,15,50,NA,1.213,1.253,0.004689921,0.21521,0.47888,85,41.0857,,
20180522-rata,mehp,post,20180522-rata-28.sif,vm,240,0.3,0.5,15,50,NA,1.213,1.253,0.004689921,0.21521,0.47888,95,45.8541,,
20180522-rata,mehp,post,20180522-rata-28.sif,vm,240,0.3,0.5,15,50,NA,1.213,1.253,0.004689921,0.21521,0.47888,105,NaN,,
20180522-rata,mehp,post,20180522-rata-28.sif,vm,240,0.3,0.5,15,50,NA,1.213,1.253,0.004689921,0.21521,0.47888,115,NaN,,
20180522-rata,mehp,post,20180522-rata-28.sif,vm,240,0.3,0.5,15,50,NA,1.213,1.253,0.004689921,0.21521,0.47888,125,NaN,,
20180522-rata,mehp,post,20180522-rata-28.sif,vm,240,0.3,0.5,15,50,NA,1.213,1.253,0.004689921,0.21521,0.47888,135,NaN,,
20180522-rata,mehp,post,20180522-rata-28.sif,vm,240,0.3,0.5,15,50,NA,1.213,1.253,0.004689921,0.21521,0.47888,145,NaN,,
20180522-rata,mehp,post,20180522-rata-28.sif,vm,240,0.3,0.5,15,50,NA,1.213,1.253,0.004689921,0.21521,0.47888,155,NaN,,
20180522-rata,mehp,post,20180522-rata-28.sif,vm,240,0.3,0.5,15,50,NA,1.213,1.253,0.004689921,0.21521,0.47888,165,NaN,,
20180522-rata,mehp,post,20180522-rata-28.sif,vm,240,0.3,0.5,15,50,NA,1.213,1.253,0.004689921,0.21521,0.47888,175,NaN,,
20180522-rata,mehp,post,20180522-rata-28.sif,vm,240,0.3,0.5,15,50,NA,1.213,1.253,0.004689921,0.21521,0.47888,185,NaN,,
20180522-rata,mehp,post,20180522-rata-28.sif,vm,240,0.3,0.5,15,50,NA,1.213,1.253,0.004689921,0.21521,0.47888,195,NaN,,
20180522-rata,mehp,post,20180522-rata-28.sif,vm,240,0.3,0.5,15,50,NA,1.213,1.253,0.004689921,0.21521,0.47888,205,NaN,,
20180522-rata,mehp,post,20180522-rata-28.sif,vm,240,0.3,0.5,15,50,NA,1.213,1.253,0.004689921,0.21521,0.47888,215,NaN,,
20180522-rata,mehp,post,20180522-rata-28.sif,vm,240,0.3,0.5,15,50,NA,1.213,1.253,0.004689921,0.21521,0.47888,225,NaN,,
20180522-rata,mehp,post,20180522-rata-28.sif,vm,240,0.3,0.5,15,50,NA,1.213,1.253,0.004689921,0.21521,0.47888,235,NaN,,
20180522-rata,mehp,post,20180522-rata-28.sif,vm,240,0.3,0.5,15,50,NA,1.213,1.253,0.004689921,0.21521,0.47888,245,NaN,,
20180522-rata,mehp,post,20180522-rata-28.sif,vm,240,0.3,0.5,15,50,NA,1.213,1.253,0.004689921,0.21521,0.47888,255,NaN,,
20180522-rata,mehp,post,20180522-rata-28.sif,vm,240,0.3,0.5,15,50,NA,1.213,1.253,0.004689921,0.21521,0.47888,265,NaN,,
20180522-rata,mehp,post,20180522-rata-28.sif,vm,240,0.3,0.5,15,50,NA,1.213,1.253,0.004689921,0.21521,0.47888,275,NaN,,
20180522-rata,mehp,post,20180522-rata-28.sif,vm,240,0.3,0.5,15,50,NA,1.213,1.253,0.004689921,0.21521,0.47888,285,NaN,,
20180522-rata,mehp,post,20180522-rata-28.sif,vm,240,0.3,0.5,15,50,NA,1.213,1.253,0.004689921,0.21521,0.47888,295,NaN,,
20180522-rata,mehp,post,20180522-rata-28.sif,vm,240,0.3,0.5,15,50,NA,1.213,1.253,0.004689921,0.21521,0.47888,305,97.5803,,
20180522-rata,mehp,post,20180522-rata-28.sif,vm,240,0.3,0.5,15,50,NA,1.213,1.253,0.004689921,0.21521,0.47888,315,72.3239,,
20180522-rata,mehp,post,20180522-rata-28.sif,vm,240,0.3,0.5,15,50,NA,1.213,1.253,0.004689921,0.21521,0.47888,325,55.0075,,
20180522-rata,mehp,post,20180522-rata-28.sif,vm,240,0.3,0.5,15,50,NA,1.213,1.253,0.004689921,0.21521,0.47888,335,46.907,,
20180522-rata,mehp,post,20180522-rata-28.sif,vm,240,0.3,0.5,15,50,NA,1.213,1.253,0.004689921,0.21521,0.47888,345,53.832,,
20180522-rata,mehp,post,20180522-rata-28.sif,vm,240,0.3,0.5,15,50,NA,1.213,1.253,0.004689921,0.21521,0.47888,355,50.4105,,
20180522-rata,mehp,post,20180522-rata-33.sif,vm,190,0.3,0.5,15,50,NA,1.322,1.36,0.004689921,0.21521,0.47888,5,52.877,115,
20180522-rata,mehp,post,20180522-rata-33.sif,vm,190,0.3,0.5,15,50,NA,1.322,1.36,0.004689921,0.21521,0.47888,15,48.937,,
20180522-rata,mehp,post,20180522-rata-33.sif,vm,190,0.3,0.5,15,50,NA,1.322,1.36,0.004689921,0.21521,0.47888,25,46.6805,,
20180522-rata,mehp,post,20180522-rata-33.sif,vm,190,0.3,0.5,15,50,NA,1.322,1.36,0.004689921,0.21521,0.47888,35,50.8068,,
20180522-rata,mehp,post,20180522-rata-33.sif,vm,190,0.3,0.5,15,50,NA,1.322,1.36,0.004689921,0.21521,0.47888,45,34.2818,,
20180522-rata,mehp,post,20180522-rata-33.sif,vm,190,0.3,0.5,15,50,NA,1.322,1.36,0.004689921,0.21521,0.47888,55,23.4067,,
20180522-rata,mehp,post,20180522-rata-33.sif,vm,190,0.3,0.5,15,50,NA,1.322,1.36,0.004689921,0.21521,0.47888,65,31.472,,
20180522-rata,mehp,post,20180522-rata-33.sif,vm,190,0.3,0.5,15,50,NA,1.322,1.36,0.004689921,0.21521,0.47888,75,34.0119,,
20180522-rata,mehp,post,20180522-rata-33.sif,vm,190,0.3,0.5,15,50,NA,1.322,1.36,0.004689921,0.21521,0.47888,85,34.0712,,
20180522-rata,mehp,post,20180522-rata-33.sif,vm,190,0.3,0.5,15,50,NA,1.322,1.36,0.004689921,0.21521,0.47888,95,48.0345,,
20180522-rata,mehp,post,20180522-rata-33.sif,vm,190,0.3,0.5,15,50,NA,1.322,1.36,0.004689921,0.21521,0.47888,105,NaN,,
20180522-rata,mehp,post,20180522-rata-33.sif,vm,190,0.3,0.5,15,50,NA,1.322,1.36,0.004689921,0.21521,0.47888,115,NaN,,
20180522-rata,mehp,post,20180522-rata-33.sif,vm,190,0.3,0.5,15,50,NA,1.322,1.36,0.004689921,0.21521,0.47888,125,NaN,,
20180522-rata,mehp,post,20180522-rata-33.sif,vm,190,0.3,0.5,15,50,NA,1.322,1.36,0.004689921,0.21521,0.47888,135,NaN,,
20180522-rata,mehp,post,20180522-rata-33.sif,vm,190,0.3,0.5,15,50,NA,1.322,1.36,0.004689921,0.21521,0.47888,145,NaN,,
20180522-rata,mehp,post,20180522-rata-33.sif,vm,190,0.3,0.5,15,50,NA,1.322,1.36,0.004689921,0.21521,0.47888,155,NaN,,
20180522-rata,mehp,post,20180522-rata-33.sif,vm,190,0.3,0.5,15,50,NA,1.322,1.36,0.004689921,0.21521,0.47888,165,NaN,,
20180522-rata,mehp,post,20180522-rata-33.sif,vm,190,0.3,0.5,15,50,NA,1.322,1.36,0.004689921,0.21521,0.47888,175,NaN,,
20180522-rata,mehp,post,20180522-rata-33.sif,vm,190,0.3,0.5,15,50,NA,1.322,1.36,0.004689921,0.21521,0.47888,185,NaN,,
20180522-rata,mehp,post,20180522-rata-33.sif,vm,190,0.3,0.5,15,50,NA,1.322,1.36,0.004689921,0.21521,0.47888,195,NaN,,
20180522-rata,mehp,post,20180522-rata-33.sif,vm,190,0.3,0.5,15,50,NA,1.322,1.36,0.004689921,0.21521,0.47888,205,NaN,,
20180522-rata,mehp,post,20180522-rata-33.sif,vm,190,0.3,0.5,15,50,NA,1.322,1.36,0.004689921,0.21521,0.47888,215,NaN,,
20180522-rata,mehp,post,20180522-rata-33.sif,vm,190,0.3,0.5,15,50,NA,1.322,1.36,0.004689921,0.21521,0.47888,225,NaN,,
20180522-rata,mehp,post,20180522-rata-33.sif,vm,190,0.3,0.5,15,50,NA,1.322,1.36,0.004689921,0.21521,0.47888,235,NaN,,
20180522-rata,mehp,post,20180522-rata-33.sif,vm,190,0.3,0.5,15,50,NA,1.322,1.36,0.004689921,0.21521,0.47888,245,NaN,,
20180522-rata,mehp,post,20180522-rata-33.sif,vm,190,0.3,0.5,15,50,NA,1.322,1.36,0.004689921,0.21521,0.47888,255,NaN,,
20180522-rata,mehp,post,20180522-rata-33.sif,vm,190,0.3,0.5,15,50,NA,1.322,1.36,0.004689921,0.21521,0.47888,265,NaN,,
20180522-rata,mehp,post,20180522-rata-33.sif,vm,190,0.3,0.5,15,50,NA,1.322,1.36,0.004689921,0.21521,0.47888,275,NaN,,
20180522-rata,mehp,post,20180522-rata-33.sif,vm,190,0.3,0.5,15,50,NA,1.322,1.36,0.004689921,0.21521,0.47888,285,NaN,,
20180522-rata,mehp,post,20180522-rata-33.sif,vm,190,0.3,0.5,15,50,NA,1.322,1.36,0.004689921,0.21521,0.47888,295,NaN,,
20180522-rata,mehp,post,20180522-rata-33.sif,vm,190,0.3,0.5,15,50,NA,1.322,1.36,0.004689921,0.21521,0.47888,305,161.4106,,
20180522-rata,mehp,post,20180522-rata-33.sif,vm,190,0.3,0.5,15,50,NA,1.322,1.36,0.004689921,0.21521,0.47888,315,91.027,,
20180522-rata,mehp,post,20180522-rata-33.sif,vm,190,0.3,0.5,15,50,NA,1.322,1.36,0.004689921,0.21521,0.47888,325,62.4325,,
20180522-rata,mehp,post,20180522-rata-33.sif,vm,190,0.3,0.5,15,50,NA,1.322,1.36,0.004689921,0.21521,0.47888,335,53.812,,
20180522-rata,mehp,post,20180522-rata-33.sif,vm,190,0.3,0.5,15,50,NA,1.322,1.36,0.004689921,0.21521,0.47888,345,51.9868,,
20180522-rata,mehp,post,20180522-rata-33.sif,vm,190,0.3,0.5,15,50,NA,1.322,1.36,0.004689921,0.21521,0.47888,355,49.946,,
20180522-rata,mehp,post,20180522-rata-38.sif,vm,140,0.3,0.5,15,50,NA,1.153,1.192,0.004689921,0.21521,0.47888,5,54.8011,115,
20180522-rata,mehp,post,20180522-rata-38.sif,vm,140,0.3,0.5,15,50,NA,1.153,1.192,0.004689921,0.21521,0.47888,15,57.7971,,
20180522-rata,mehp,post,20180522-rata-38.sif,vm,140,0.3,0.5,15,50,NA,1.153,1.192,0.004689921,0.21521,0.47888,25,42.1141,,
20180522-rata,mehp,post,20180522-rata-38.sif,vm,140,0.3,0.5,15,50,NA,1.153,1.192,0.004689921,0.21521,0.47888,35,40.8834,,
20180522-rata,mehp,post,20180522-rata-38.sif,vm,140,0.3,0.5,15,50,NA,1.153,1.192,0.004689921,0.21521,0.47888,45,43.3947,,
20180522-rata,mehp,post,20180522-rata-38.sif,vm,140,0.3,0.5,15,50,NA,1.153,1.192,0.004689921,0.21521,0.47888,55,42.8941,,
20180522-rata,mehp,post,20180522-rata-38.sif,vm,140,0.3,0.5,15,50,NA,1.153,1.192,0.004689921,0.21521,0.47888,65,53.4144,,
20180522-rata,mehp,post,20180522-rata-38.sif,vm,140,0.3,0.5,15,50,NA,1.153,1.192,0.004689921,0.21521,0.47888,75,47.5427,,
20180522-rata,mehp,post,20180522-rata-38.sif,vm,140,0.3,0.5,15,50,NA,1.153,1.192,0.004689921,0.21521,0.47888,85,47.5972,,
20180522-rata,mehp,post,20180522-rata-38.sif,vm,140,0.3,0.5,15,50,NA,1.153,1.192,0.004689921,0.21521,0.47888,95,43.9493,,
20180522-rata,mehp,post,20180522-rata-38.sif,vm,140,0.3,0.5,15,50,NA,1.153,1.192,0.004689921,0.21521,0.47888,105,NaN,,
20180522-rata,mehp,post,20180522-rata-38.sif,vm,140,0.3,0.5,15,50,NA,1.153,1.192,0.004689921,0.21521,0.47888,115,NaN,,
20180522-rata,mehp,post,20180522-rata-38.sif,vm,140,0.3,0.5,15,50,NA,1.153,1.192,0.004689921,0.21521,0.47888,125,NaN,,
20180522-rata,mehp,post,20180522-rata-38.sif,vm,140,0.3,0.5,15,50,NA,1.153,1.192,0.004689921,0.21521,0.47888,135,NaN,,
20180522-rata,mehp,post,20180522-rata-38.sif,vm,140,0.3,0.5,15,50,NA,1.153,1.192,0.004689921,0.21521,0.47888,145,NaN,,
20180522-rata,mehp,post,20180522-rata-38.sif,vm,140,0.3,0.5,15,50,NA,1.153,1.192,0.004689921,0.21521,0.47888,155,NaN,,
20180522-rata,mehp,post,20180522-rata-38.sif,vm,140,0.3,0.5,15,50,NA,1.153,1.192,0.004689921,0.21521,0.47888,165,NaN,,
20180522-rata,mehp,post,20180522-rata-38.sif,vm,140,0.3,0.5,15,50,NA,1.153,1.192,0.004689921,0.21521,0.47888,175,NaN,,
20180522-rata,mehp,post,20180522-rata-38.sif,vm,140,0.3,0.5,15,50,NA,1.153,1.192,0.004689921,0.21521,0.47888,185,NaN,,
20180522-rata,mehp,post,20180522-rata-38.sif,vm,140,0.3,0.5,15,50,NA,1.153,1.192,0.004689921,0.21521,0.47888,195,NaN,,
20180522-rata,mehp,post,20180522-rata-38.sif,vm,140,0.3,0.5,15,50,NA,1.153,1.192,0.004689921,0.21521,0.47888,205,NaN,,
20180522-rata,mehp,post,20180522-rata-38.sif,vm,140,0.3,0.5,15,50,NA,1.153,1.192,0.004689921,0.21521,0.47888,215,NaN,,
20180522-rata,mehp,post,20180522-rata-38.sif,vm,140,0.3,0.5,15,50,NA,1.153,1.192,0.004689921,0.21521,0.47888,225,NaN,,
20180522-rata,mehp,post,20180522-rata-38.sif,vm,140,0.3,0.5,15,50,NA,1.153,1.192,0.004689921,0.21521,0.47888,235,NaN,,
20180522-rata,mehp,post,20180522-rata-38.sif,vm,140,0.3,0.5,15,50,NA,1.153,1.192,0.004689921,0.21521,0.47888,245,NaN,,
20180522-rata,mehp,post,20180522-rata-38.sif,vm,140,0.3,0.5,15,50,NA,1.153,1.192,0.004689921,0.21521,0.47888,255,NaN,,
20180522-rata,mehp,post,20180522-rata-38.sif,vm,140,0.3,0.5,15,50,NA,1.153,1.192,0.004689921,0.21521,0.47888,265,NaN,,
20180522-rata,mehp,post,20180522-rata-38.sif,vm,140,0.3,0.5,15,50,NA,1.153,1.192,0.004689921,0.21521,0.47888,275,NaN,,
20180522-rata,mehp,post,20180522-rata-38.sif,vm,140,0.3,0.5,15,50,NA,1.153,1.192,0.004689921,0.21521,0.47888,285,NaN,,
20180522-rata,mehp,post,20180522-rata-38.sif,vm,140,0.3,0.5,15,50,NA,1.153,1.192,0.004689921,0.21521,0.47888,295,NaN,,
20180522-rata,mehp,post,20180522-rata-38.sif,vm,140,0.3,0.5,15,50,NA,1.153,1.192,0.004689921,0.21521,0.47888,305,67.5887,,
20180522-rata,mehp,post,20180522-rata-38.sif,vm,140,0.3,0.5,15,50,NA,1.153,1.192,0.004689921,0.21521,0.47888,315,50.3331,,
20180522-rata,mehp,post,20180522-rata-38.sif,vm,140,0.3,0.5,15,50,NA,1.153,1.192,0.004689921,0.21521,0.47888,325,54.4741,,
20180522-rata,mehp,post,20180522-rata-38.sif,vm,140,0.3,0.5,15,50,NA,1.153,1.192,0.004689921,0.21521,0.47888,335,32.887,,
20180522-rata,mehp,post,20180522-rata-38.sif,vm,140,0.3,0.5,15,50,NA,1.153,1.192,0.004689921,0.21521,0.47888,345,36.2802,,
20180522-rata,mehp,post,20180522-rata-38.sif,vm,140,0.3,0.5,15,50,NA,1.153,1.192,0.004689921,0.21521,0.47888,355,38.2942,,
